graph_id,Loss (Original),Loss (Full SAE),Loss (Ablated),SAE Degradation,Ablation Impact,Total Impact
4367,0.006467680912464857,0.006465335842221975,0.00647658109664917,-2.345070242881775e-06,1.1245254427194595e-05,8.90018418431282e-06
4185,,,,,,
4460,0.00996402371674776,0.00996085349470377,0.00996085349470377,-3.170222043991089e-06,0.0,-3.170222043991089e-06
4416,0.003002564422786236,0.0030453314539045095,0.0030446776654571295,4.2767031118273735e-05,-6.537884473800659e-07,4.211324267089367e-05
3778,0.005470588803291321,0.005470588803291321,0.005470588803291321,0.0,0.0,0.0
4808,,,,,,
2648,0.0030895862728357315,0.003089573234319687,0.003089573234319687,-1.30385160446167e-08,0.0,-1.30385160446167e-08
4371,0.01732851378619671,0.017391512170433998,0.017391512170433998,6.299838423728943e-05,0.0,6.299838423728943e-05
2534,0.003467814764007926,0.0034678431693464518,0.0034725340083241463,2.8405338525772095e-08,4.690838977694511e-06,4.7192443162202835e-06
2383,3.8072714232839644e-05,3.805343294516206e-05,3.805343294516206e-05,-1.928128767758608e-08,0.0,-1.928128767758608e-08
2882,0.00024970306549221277,0.00024973793188109994,0.00025515392189845443,3.486638888716698e-08,5.415990017354488e-06,5.450856406241655e-06
2616,0.00011611205991357565,0.00011643924517557025,0.00011643924517557025,3.271852619946003e-07,0.0,3.271852619946003e-07
375,0.010383649729192257,0.010383515618741512,0.010383515618741512,-1.341104507446289e-07,0.0,-1.341104507446289e-07
764,0.0005473532946780324,0.0005472134798765182,0.0005472134798765182,-1.398148015141487e-07,0.0,-1.398148015141487e-07
2769,0.0003376681124791503,0.0003376681124791503,0.0003376681124791503,0.0,0.0,0.0
485,,,,,,
2046,0.010590655729174614,0.010590480640530586,0.010590480640530586,-1.7508864402770996e-07,0.0,-1.7508864402770996e-07
3368,0.0036829907912760973,0.0036840096581727266,0.0036840096581727266,1.0188668966293335e-06,0.0,1.0188668966293335e-06
4991,0.01637446880340576,0.016515817493200302,0.01652909442782402,0.0001413486897945404,1.3276934623718262e-05,0.00015462562441825867
4307,0.01587083749473095,0.016028977930545807,0.016199074685573578,0.00015814043581485748,0.000170096755027771,0.0003282371908426285
3558,0.001107711810618639,0.0011076800292357802,0.0011076800292357802,-3.1781382858753204e-08,0.0,-3.1781382858753204e-08
3142,0.0072548179887235165,0.0072527360171079636,0.0072527360171079636,-2.0819716155529022e-06,0.0,-2.0819716155529022e-06
3606,0.0032645254395902157,0.003265674691647291,0.003265674691647291,1.1492520570755005e-06,0.0,1.1492520570755005e-06
4913,0.032463353127241135,0.03234729543328285,0.03234729543328285,-0.00011605769395828247,0.0,-0.00011605769395828247
2529,0.00017954959184862673,0.00017991296772379428,0.00017991296772379428,3.6337587516754866e-07,0.0,3.6337587516754866e-07
1508,0.00324367661960423,0.0032542773988097906,0.0032542773988097906,1.0600779205560684e-05,0.0,1.0600779205560684e-05
1056,0.0048225149512290955,0.004854713566601276,0.004864020738750696,3.219861537218094e-05,9.307172149419785e-06,4.150578752160072e-05
3232,0.002868345472961664,0.00286653870716691,0.00286653870716691,-1.8067657947540283e-06,0.0,-1.8067657947540283e-06
3863,0.0006733356276527047,0.0006731887115165591,0.0006731887115165591,-1.4691613614559174e-07,0.0,-1.4691613614559174e-07
888,4.584380076266825e-05,4.591719698510133e-05,4.591719698510133e-05,7.339622243307531e-08,0.0,7.339622243307531e-08
1626,0.003717080457136035,0.0037171293515712023,0.0038386324886232615,4.889443516731262e-08,0.00012150313705205917,0.00012155203148722649
1735,0.0081296656280756,0.00812267791479826,0.00812267791479826,-6.987713277339935e-06,0.0,-6.987713277339935e-06
867,8.503880235366523e-05,8.538368274457753e-05,8.538368274457753e-05,3.448803909122944e-07,0.0,3.448803909122944e-07
2853,4.192024061921984e-05,4.232876017340459e-05,4.232876017340459e-05,4.085195541847497e-07,0.0,4.085195541847497e-07
3545,0.004305119160562754,0.00430529098957777,0.00430529098957777,1.7182901501655579e-07,0.0,1.7182901501655579e-07
4722,0.007534502539783716,0.007341063115745783,0.0073415362276136875,-0.00019343942403793335,4.731118679046631e-07,-0.0001929663121700287
3900,0.0012292689643800259,0.0012285944540053606,0.0012285944540053606,-6.745103746652603e-07,0.0,-6.745103746652603e-07
4210,0.02037925273180008,0.020318008959293365,0.020334238186478615,-6.124377250671387e-05,1.622922718524933e-05,-4.501454532146454e-05
4950,0.04550718516111374,0.04550718516111374,0.04550718516111374,0.0,0.0,0.0
2260,0.00011833338066935539,0.00011863507825182751,0.00011863507825182751,3.0169758247211576e-07,0.0,3.0169758247211576e-07
49,0.007521227467805147,0.007521387655287981,0.007521387655287981,1.601874828338623e-07,0.0,1.601874828338623e-07
760,0.0080326609313488,0.008032608777284622,0.008024814538657665,-5.21540641784668e-08,-7.79423862695694e-06,-7.846392691135406e-06
4624,0.0009046157938428223,0.0009057527640834451,0.0009057527640834451,1.1369702406227589e-06,0.0,1.1369702406227589e-06
1630,0.015830885618925095,0.015819121152162552,0.015843478962779045,-1.1764466762542725e-05,2.4357810616493225e-05,1.25933438539505e-05
4629,0.005424420814961195,0.005407461430877447,0.005407461430877447,-1.6959384083747864e-05,0.0,-1.6959384083747864e-05
4853,0.026070691645145416,0.026032328605651855,0.026007408276200294,-3.836303949356079e-05,-2.4920329451560974e-05,-6.328336894512177e-05
3590,0.004893083591014147,0.004893625620752573,0.004893625620752573,5.420297384262085e-07,0.0,5.420297384262085e-07
446,0.0008737610769458115,0.0008750497363507748,0.0008750497363507748,1.288659404963255e-06,0.0,1.288659404963255e-06
3414,,,,,,
4885,0.013394122011959553,0.013270390219986439,0.013270390219986439,-0.00012373179197311401,0.0,-0.00012373179197311401
4720,0.003983681555837393,0.003995135426521301,0.003993993159383535,1.1453870683908463e-05,-1.1422671377658844e-06,1.0311603546142578e-05
261,0.006129125598818064,0.006128386594355106,0.006128386594355106,-7.390044629573822e-07,0.0,-7.390044629573822e-07
752,0.0030481000430881977,0.003048764541745186,0.003048764541745186,6.644986569881439e-07,0.0,6.644986569881439e-07
3066,0.003785147098824382,0.0037868833169341087,0.0037421132437884808,1.7362181097269058e-06,-4.4770073145627975e-05,-4.303385503590107e-05
1194,0.007296053227037191,0.0072895800694823265,0.0072895800694823265,-6.473157554864883e-06,0.0,-6.473157554864883e-06
3775,0.0036855314392596483,0.003678829176351428,0.003678829176351428,-6.702262908220291e-06,0.0,-6.702262908220291e-06
809,0.006000857800245285,0.00600140867754817,0.00600140867754817,5.508773028850555e-07,0.0,5.508773028850555e-07
3504,0.001698095933534205,0.0016985790571197867,0.0016985790571197867,4.831235855817795e-07,0.0,4.831235855817795e-07
1179,0.003932363819330931,0.003928746096789837,0.003928746096789837,-3.6177225410938263e-06,0.0,-3.6177225410938263e-06
4382,0.0017020440427586436,0.0016857896698638797,0.0016857896698638797,-1.6254372894763947e-05,0.0,-1.6254372894763947e-05
3796,0.005254456773400307,0.005254402291029692,0.005254402291029692,-5.448237061500549e-08,0.0,-5.448237061500549e-08
437,0.004267310258001089,0.004264134913682938,0.004264134913682938,-3.175344318151474e-06,0.0,-3.175344318151474e-06
2455,0.006775689776986837,0.006775606423616409,0.006775606423616409,-8.335337042808533e-08,0.0,-8.335337042808533e-08
1672,0.0015821311390027404,0.0015843798173591495,0.0015843798173591495,2.248678356409073e-06,0.0,2.248678356409073e-06
3477,0.0022920030169188976,0.0022993118036538363,0.0022993118036538363,7.3087867349386215e-06,0.0,7.3087867349386215e-06
4045,0.0005624429322779179,0.0005311517743393779,0.0005310550332069397,-3.129115793853998e-05,-9.674113243818283e-08,-3.1387899070978165e-05
4494,0.008793199434876442,0.008748924359679222,0.008753964677453041,-4.427507519721985e-05,5.04031777381897e-06,-3.923475742340088e-05
3465,0.0003603703808039427,0.00035850016865879297,0.00035850016865879297,-1.8702121451497078e-06,0.0,-1.8702121451497078e-06
1911,0.007758693303912878,0.007754272781312466,0.007760095410048962,-4.420522600412369e-06,5.822628736495972e-06,1.402106136083603e-06
423,0.006860166788101196,0.0068610357120633125,0.0068610357120633125,8.689239621162415e-07,0.0,8.689239621162415e-07
3595,0.00012245155812706798,0.0001225918676936999,0.0001225918676936999,1.4030956663191319e-07,0.0,1.4030956663191319e-07
247,0.004926297347992659,0.004926708061248064,0.004926708061248064,4.10713255405426e-07,0.0,4.10713255405426e-07
2693,3.096120781265199e-05,3.096120781265199e-05,3.096120781265199e-05,0.0,0.0,0.0
3124,0.007560049649327993,0.007560307160019875,0.0076004136353731155,2.575106918811798e-07,4.010647535324097e-05,4.0363986045122147e-05
450,,,,,,
3797,0.0005471341428346932,0.0005467491573654115,0.0005467491573654115,-3.8498546928167343e-07,0.0,-3.8498546928167343e-07
3807,0.0007238193647935987,0.0007221122505143285,0.0007221122505143285,-1.7071142792701721e-06,0.0,-1.7071142792701721e-06
4994,0.0020655719563364983,0.0020553283393383026,0.002054984448477626,-1.0243616998195648e-05,-3.4389086067676544e-07,-1.0587507858872414e-05
1742,0.0014333461876958609,0.0014293097192421556,0.0014293097192421556,-4.036468453705311e-06,0.0,-4.036468453705311e-06
2275,0.00019412816618569195,0.00019421255274210125,0.00019421255274210125,8.438655640929937e-08,0.0,8.438655640929937e-08
2873,0.0002213666884927079,0.00022148899734020233,0.00022148899734020233,1.223088474944234e-07,0.0,1.223088474944234e-07
2239,0.015250789932906628,0.015250792726874352,0.015250792726874352,2.7939677238464355e-09,0.0,2.7939677238464355e-09
2215,9.258493082597852e-05,9.297762153437361e-05,9.297762153437361e-05,3.926907083950937e-07,0.0,3.926907083950937e-07
650,0.0016208470333367586,0.0016211880138143897,0.0016211880138143897,3.4098047763109207e-07,0.0,3.4098047763109207e-07
1275,0.005000317469239235,0.005000869277864695,0.005000869277864695,5.51808625459671e-07,0.0,5.51808625459671e-07
386,0.0018206840613856912,0.0018197305034846067,0.0018197305034846067,-9.535579010844231e-07,0.0,-9.535579010844231e-07
2669,0.00032505556009709835,0.0003255386254750192,0.0003255386254750192,4.83065377920866e-07,0.0,4.83065377920866e-07
2665,0.0003954620042350143,0.0003960478934459388,0.0003960478934459388,5.858892109245062e-07,0.0,5.858892109245062e-07
1023,0.00805729627609253,0.008067947812378407,0.008072908967733383,1.0651536285877228e-05,4.961155354976654e-06,1.5612691640853882e-05
597,0.002820811001583934,0.002820525784045458,0.0027732334565371275,-2.852175384759903e-07,-4.7292327508330345e-05,-4.7577545046806335e-05
690,0.0003868336498271674,0.0003846689942292869,0.0003846689942292869,-2.1646555978804827e-06,0.0,-2.1646555978804827e-06
491,0.033574238419532776,0.033574238419532776,0.033574238419532776,0.0,0.0,0.0
1602,0.006998984608799219,0.007002452854067087,0.007004238199442625,3.468245267868042e-06,1.7853453755378723e-06,5.253590643405914e-06
3610,0.0008972776122391224,0.0008971582283265889,0.0008971582283265889,-1.1938391253352165e-07,0.0,-1.1938391253352165e-07
3948,,,,,,
4740,0.01086476445198059,0.01087674219161272,0.010863193310797215,1.197773963212967e-05,-1.3548880815505981e-05,-1.5711411833763123e-06
1200,0.0047785574570298195,0.004792072810232639,0.004792104475200176,1.3515353202819824e-05,3.166496753692627e-08,1.354701817035675e-05
1878,,,,,,
1281,0.004449000582098961,0.004455974791198969,0.005278973374515772,6.974209100008011e-06,0.000822998583316803,0.000829972792416811
3240,0.003178768791258335,0.0031745759770274162,0.0031738250982016325,-4.192814230918884e-06,-7.508788257837296e-07,-4.943693056702614e-06
3884,0.002633233554661274,0.0026334263384342194,0.0026334263384342194,1.9278377294540405e-07,0.0,1.9278377294540405e-07
478,0.0041121914982795715,0.004113433416932821,0.004113433416932821,1.2419186532497406e-06,0.0,1.2419186532497406e-06
4233,0.00019202049588784575,0.0002142540761269629,0.0002142540761269629,2.2233580239117146e-05,0.0,2.2233580239117146e-05
3577,0.006105754990130663,0.006103473249822855,0.006103473249822855,-2.2817403078079224e-06,0.0,-2.2817403078079224e-06
3869,9.602555655874312e-05,9.825703455135226e-05,9.825703455135226e-05,2.2314779926091433e-06,0.0,2.2314779926091433e-06
2686,0.00031128854607231915,0.00031167344423010945,0.00031167344423010945,3.8489815779030323e-07,0.0,3.8489815779030323e-07
1540,0.004782292991876602,0.004802640527486801,0.004807773046195507,2.0347535610198975e-05,5.132518708705902e-06,2.5480054318904877e-05
987,0.007908549159765244,0.007907875813543797,0.007907875813543797,-6.73346221446991e-07,0.0,-6.73346221446991e-07
3494,0.007351001258939505,0.007347241044044495,0.007347241044044495,-3.7602148950099945e-06,0.0,-3.7602148950099945e-06
182,0.0037126755341887474,0.003711442230269313,0.003711442230269313,-1.2333039194345474e-06,0.0,-1.2333039194345474e-06
2743,0.027479086071252823,0.027479108422994614,0.027479108422994614,2.2351741790771484e-08,0.0,2.2351741790771484e-08
1532,0.0077257282100617886,0.007707322482019663,0.007707322482019663,-1.8405728042125702e-05,0.0,-1.8405728042125702e-05
4631,0.01677996851503849,0.01674901880323887,0.01674901880323887,-3.094971179962158e-05,0.0,-3.094971179962158e-05
1383,0.004569694399833679,0.004569012671709061,0.004569012671709061,-6.817281246185303e-07,0.0,-6.817281246185303e-07
2632,0.03165041655302048,0.03165041655302048,0.03165041655302048,0.0,0.0,0.0
4558,0.012616189196705818,0.012846020050346851,0.012846610508859158,0.00022983085364103317,5.904585123062134e-07,0.00023042131215333939
2607,0.005338363815099001,0.005338177550584078,0.005338177550584078,-1.862645149230957e-07,0.0,-1.862645149230957e-07
2156,0.00010237013339065015,0.00010240633855573833,0.00010240633855573833,3.620516508817673e-08,0.0,3.620516508817673e-08
4903,0.0045746006071567535,0.004577739629894495,0.004577203653752804,3.1390227377414703e-06,-5.359761416912079e-07,2.6030465960502625e-06
4595,0.00936782918870449,0.009331092238426208,0.009329032152891159,-3.6736950278282166e-05,-2.0600855350494385e-06,-3.8797035813331604e-05
577,0.014224253594875336,0.014222915284335613,0.014222915284335613,-1.3383105397224426e-06,0.0,-1.3383105397224426e-06
4783,0.02038021944463253,0.02034863643348217,0.020350947976112366,-3.158301115036011e-05,2.3115426301956177e-06,-2.927146852016449e-05
3299,0.0017707397928461432,0.001768652000464499,0.001768652000464499,-2.087792381644249e-06,0.0,-2.087792381644249e-06
190,0.0031566654797643423,0.0031566524412482977,0.003154749982059002,-1.30385160446167e-08,-1.9024591892957687e-06,-1.9154977053403854e-06
4538,0.008960527367889881,0.008911705575883389,0.008911705575883389,-4.8821792006492615e-05,0.0,-4.8821792006492615e-05
2545,0.005745012313127518,0.005744957830756903,0.005744957830756903,-5.448237061500549e-08,0.0,-5.448237061500549e-08
4734,0.0037551778368651867,0.0037641318049281836,0.0037898726295679808,8.953968062996864e-06,2.574082463979721e-05,3.4694792702794075e-05
1564,0.005650432780385017,0.005649780388921499,0.005649780388921499,-6.523914635181427e-07,0.0,-6.523914635181427e-07
65,0.0016131835291162133,0.0016129760770127177,0.0016129760770127177,-2.0745210349559784e-07,0.0,-2.0745210349559784e-07
442,0.0009102280018851161,0.0009113855776377022,0.0009113855776377022,1.1575757525861263e-06,0.0,1.1575757525861263e-06
277,0.01215633749961853,0.01215623039752245,0.01215623039752245,-1.0710209608078003e-07,0.0,-1.0710209608078003e-07
2299,0.009404361248016357,0.009404412470757961,0.009404412470757961,5.122274160385132e-08,0.0,5.122274160385132e-08
721,0.0005154444370418787,0.0005161683657206595,0.0005161683657206595,7.239286787807941e-07,0.0,7.239286787807941e-07
1294,0.0033630444668233395,0.0033711339347064495,0.003379642963409424,8.089467883110046e-06,8.50902870297432e-06,1.6598496586084366e-05
3681,0.007663157302886248,0.007664053235203028,0.007664053235203028,8.959323167800903e-07,0.0,8.959323167800903e-07
2085,0.000178312708158046,0.00017807961557991803,0.00017807961557991803,-2.3309257812798023e-07,0.0,-2.3309257812798023e-07
4360,0.013937362469732761,0.013959941454231739,0.01397180836647749,2.257898449897766e-05,1.1866912245750427e-05,3.444589674472809e-05
1827,0.004630523268133402,0.004626460839062929,0.004627950023859739,-4.062429070472717e-06,1.4891847968101501e-06,-2.573244273662567e-06
2894,0.013769381679594517,0.013769970275461674,0.013769970275461674,5.885958671569824e-07,0.0,5.885958671569824e-07
3785,0.002287659328430891,0.0022881270851939917,0.0022900053299963474,4.677567631006241e-07,1.8782448023557663e-06,2.3460015654563904e-06
562,0.002311317017301917,0.0023111174814403057,0.0023111174814403057,-1.9953586161136627e-07,0.0,-1.9953586161136627e-07
4826,0.004472941160202026,0.004468386061489582,0.004470653831958771,-4.555098712444305e-06,2.26777046918869e-06,-2.2873282432556152e-06
2635,0.003614373505115509,0.0036143967881798744,0.0036143967881798744,2.3283064365386963e-08,0.0,2.3283064365386963e-08
3475,0.0041683814488351345,0.004168382380157709,0.004168382380157709,9.313225746154785e-10,0.0,9.313225746154785e-10
1734,0.0029711690731346607,0.0029830303974449635,0.0029831212013959885,1.1861324310302734e-05,9.080395102500916e-08,1.1952128261327744e-05
145,0.003079385729506612,0.003078252077102661,0.003078252077102661,-1.1336524039506912e-06,0.0,-1.1336524039506912e-06
1576,0.003194544930011034,0.0031913244165480137,0.003198738442733884,-3.2205134630203247e-06,7.414026185870171e-06,4.193512722849846e-06
4042,0.0026477586943656206,0.0027347702998667955,0.0027347702998667955,8.701160550117493e-05,0.0,8.701160550117493e-05
4630,0.029350008815526962,0.029309218749403954,0.029289448633790016,-4.079006612300873e-05,-1.9770115613937378e-05,-6.0560181736946106e-05
1950,0.0036579573061317205,0.0036574951373040676,0.004036637023091316,-4.621688276529312e-07,0.0003791418857872486,0.0003786797169595957
3750,0.002714302157983184,0.00271490472368896,0.0026990168262273073,6.025657057762146e-07,-1.5887897461652756e-05,-1.528533175587654e-05
2318,0.002173521788790822,0.0021741364616900682,0.0021741364616900682,6.146728992462158e-07,0.0,6.146728992462158e-07
1296,0.0015483023598790169,0.0015484681352972984,0.001567034050822258,1.6577541828155518e-07,1.8565915524959564e-05,1.873169094324112e-05
2685,0.001638590358197689,0.0016386526403948665,0.0016386526403948665,6.228219717741013e-08,0.0,6.228219717741013e-08
3326,0.00024335336638614535,0.00024335336638614535,0.00024335336638614535,0.0,0.0,0.0
2775,0.00024156839936040342,0.00024179258616641164,0.00024179258616641164,2.2418680600821972e-07,0.0,2.2418680600821972e-07
840,1.4122663742455188e-05,1.389866793033434e-05,1.389866793033434e-05,-2.239958121208474e-07,0.0,-2.239958121208474e-07
644,0.0013705006567761302,0.0013698982074856758,0.0013698982074856758,-6.024492904543877e-07,0.0,-6.024492904543877e-07
1117,0.007549236994236708,0.007545902393758297,0.007545902393758297,-3.334600478410721e-06,0.0,-3.334600478410721e-06
2917,0.0003672996535897255,0.00036742378142662346,0.00036742378142662346,1.2412783689796925e-07,0.0,1.2412783689796925e-07
4257,0.013000975362956524,0.013050917536020279,0.013050917536020279,4.9942173063755035e-05,0.0,4.9942173063755035e-05
4138,0.027913818135857582,0.02792365662753582,0.02792365662753582,9.838491678237915e-06,0.0,9.838491678237915e-06
2818,0.005322752054780722,0.005322448909282684,0.005322448909282684,-3.0314549803733826e-07,0.0,-3.0314549803733826e-07
3847,0.003353529144078493,0.003352070925757289,0.003352070925757289,-1.4582183212041855e-06,0.0,-1.4582183212041855e-06
149,0.0019243500428274274,0.0019253435311838984,0.0019253435311838984,9.934883564710617e-07,0.0,9.934883564710617e-07
3589,0.0011822961969301105,0.001181939383968711,0.001181939383968711,-3.568129613995552e-07,0.0,-3.568129613995552e-07
2157,0.00032748637022450566,0.0003279359661974013,0.0003279359661974013,4.4959597289562225e-07,0.0,4.4959597289562225e-07
4977,0.010163727216422558,0.009879915975034237,0.009880478493869305,-0.0002838112413883209,5.62518835067749e-07,-0.0002832487225532532
2778,0.008397197350859642,0.008397470228374004,0.008397470228374004,2.728775143623352e-07,0.0,2.728775143623352e-07
118,0.000683505495544523,0.0006830988568253815,0.0006830988568253815,-4.066387191414833e-07,0.0,-4.066387191414833e-07
732,0.004568683449178934,0.004568437114357948,0.004568437114357948,-2.4633482098579407e-07,0.0,-2.4633482098579407e-07
4366,0.005883605219423771,0.005879448261111975,0.005902264732867479,-4.156958311796188e-06,2.2816471755504608e-05,1.865951344370842e-05
1623,0.009750805795192719,0.009697310626506805,0.009697310626506805,-5.3495168685913086e-05,0.0,-5.3495168685913086e-05
1737,0.008000907488167286,0.008014085702598095,0.008014085702598095,1.3178214430809021e-05,0.0,1.3178214430809021e-05
2645,0.0002025352296186611,0.00020257064898032695,0.00020257064898032695,3.541936166584492e-08,0.0,3.541936166584492e-08
503,0.0025954085867851973,0.0025943932123482227,0.0025943932123482227,-1.0153744369745255e-06,0.0,-1.0153744369745255e-06
2827,0.00031742293504066765,0.00031740550184622407,0.0003148420073557645,-1.743319444358349e-08,-2.5634944904595613e-06,-2.580927684903145e-06
2102,0.005544745828956366,0.005544745828956366,0.005544759798794985,0.0,1.3969838619232178e-08,1.3969838619232178e-08
3472,0.0004575609927996993,0.0004561810346785933,0.0004561810346785933,-1.3799581211060286e-06,0.0,-1.3799581211060286e-06
3991,8.763842924963683e-05,8.773228182690218e-05,8.756074385019019e-05,9.385257726535201e-08,-1.7153797671198845e-07,-7.768539944663644e-08
1578,0.0011845635017380118,0.0011822788510471582,0.0011823327513411641,-2.2846506908535957e-06,5.390029400587082e-08,-2.230750396847725e-06
1393,0.00540430610999465,0.005400038789957762,0.005400038789957762,-4.2673200368881226e-06,0.0,-4.2673200368881226e-06
1394,0.004440411925315857,0.0044250767678022385,0.0044250767678022385,-1.533515751361847e-05,0.0,-1.533515751361847e-05
1371,0.002644344698637724,0.0026609711349010468,0.0026731854304671288,1.662643626332283e-05,1.2214295566082e-05,2.884073182940483e-05
81,0.002476105000823736,0.002475419081747532,0.002475419081747532,-6.859190762042999e-07,0.0,-6.859190762042999e-07
3601,0.014107826165854931,0.01410581637173891,0.01410581637173891,-2.0097941160202026e-06,0.0,-2.0097941160202026e-06
5,0.009045942686498165,0.009045932441949844,0.009045932441949844,-1.0244548320770264e-08,0.0,-1.0244548320770264e-08
4263,0.004118067212402821,0.004159053321927786,0.004159053321927786,4.0986109524965286e-05,0.0,4.0986109524965286e-05
830,0.004793577361851931,0.004792438354343176,0.004792438354343176,-1.1390075087547302e-06,0.0,-1.1390075087547302e-06
4729,0.005313870031386614,0.005252753384411335,0.005258060060441494,-6.111664697527885e-05,5.306676030158997e-06,-5.580997094511986e-05
2500,0.0002577052218839526,0.0002577052218839526,0.0002577052218839526,0.0,0.0,0.0
2314,0.0001375297870254144,0.00013756411499343812,0.00013756411499343812,3.4327968023717403e-08,0.0,3.4327968023717403e-08
1746,0.004634498618543148,0.004636315628886223,0.0046409969218075275,1.8170103430747986e-06,4.681292921304703e-06,6.498303264379501e-06
4608,0.019314736127853394,0.019346456974744797,0.0193456020206213,3.17208468914032e-05,-8.549541234970093e-07,3.086589276790619e-05
325,,,,,,
3447,0.007861754857003689,0.007861676625907421,0.007861676625907421,-7.82310962677002e-08,0.0,-7.82310962677002e-08
482,0.008430331014096737,0.008430316112935543,0.008430316112935543,-1.4901161193847656e-08,0.0,-1.4901161193847656e-08
2170,0.0008946806192398071,0.0008944614673964679,0.0008944614673964679,-2.191518433392048e-07,0.0,-2.191518433392048e-07
3502,0.011317499913275242,0.011317499913275242,0.011317499913275242,0.0,0.0,0.0
2512,0.00013898871839046478,0.00013898871839046478,0.00013898871839046478,0.0,0.0,0.0
4109,0.025759996846318245,0.02568102441728115,0.025690166279673576,-7.897242903709412e-05,9.141862392425537e-06,-6.983056664466858e-05
805,0.0006346282316371799,0.0006350813200697303,0.0006350813200697303,4.530884325504303e-07,0.0,4.530884325504303e-07
4487,5.680827598553151e-05,4.297454870538786e-05,4.297454870538786e-05,-1.3833727280143648e-05,0.0,-1.3833727280143648e-05
4155,0.1309114396572113,0.13294993340969086,0.13294993340969086,0.0020384937524795532,0.0,0.0020384937524795532
4154,0.023103632032871246,0.022796006873250008,0.022796006873250008,-0.0003076251596212387,0.0,-0.0003076251596212387
1028,0.005963702220469713,0.0059662554413080215,0.0059662554413080215,2.5532208383083344e-06,0.0,2.5532208383083344e-06
4133,0.022598959505558014,0.02267681621015072,0.02267681621015072,7.785670459270477e-05,0.0,7.785670459270477e-05
3129,0.0015438911505043507,0.0015474752290174365,0.0015474752290174365,3.584078513085842e-06,0.0,3.584078513085842e-06
440,0.007319288328289986,0.007318756077438593,0.007318756077438593,-5.32250851392746e-07,0.0,-5.32250851392746e-07
4795,0.0042482889257371426,0.0043649571016430855,0.004361835308372974,0.00011666817590594292,-3.121793270111084e-06,0.00011354638263583183
801,0.010947108268737793,0.010946827009320259,0.010946827009320259,-2.812594175338745e-07,0.0,-2.812594175338745e-07
1287,0.0037280654069036245,0.003729485208168626,0.003912454005330801,1.419801265001297e-06,0.00018296879716217518,0.00018438859842717648
4719,0.0444062240421772,0.044646136462688446,0.04465784877538681,0.00023991242051124573,1.1712312698364258e-05,0.00025162473320961
1621,,,,,,
159,0.002786040073260665,0.002786040073260665,0.002786040073260665,0.0,0.0,0.0
160,4.984642509953119e-05,4.983800681657158e-05,6.302694964688271e-05,-8.418282959610224e-09,1.3188942830311134e-05,1.3180524547351524e-05
4586,0.012196637690067291,0.012144867330789566,0.012144867330789566,-5.177035927772522e-05,0.0,-5.177035927772522e-05
3487,0.004060130566358566,0.0040603261440992355,0.00403941422700882,1.955777406692505e-07,-2.0911917090415955e-05,-2.0716339349746704e-05
714,0.007313249167054892,0.007313130889087915,0.007313130889087915,-1.1827796697616577e-07,0.0,-1.1827796697616577e-07
1233,0.003775082528591156,0.0037737011443823576,0.0037737011443823576,-1.3813842087984085e-06,0.0,-1.3813842087984085e-06
1753,0.002789652207866311,0.0027927521150559187,0.0028166461270302534,3.0999071896076202e-06,2.3894011974334717e-05,2.6993919163942337e-05
2237,0.0016406463691964746,0.0016408683732151985,0.0016408683732151985,2.220040187239647e-07,0.0,2.220040187239647e-07
4493,0.0030891490168869495,0.0030870100017637014,0.0030861091800034046,-2.1390151232481003e-06,-9.008217602968216e-07,-3.039836883544922e-06
667,0.006156012881547213,0.006156525574624538,0.006156525574624538,5.126930773258209e-07,0.0,5.126930773258209e-07
1897,0.009244022890925407,0.009275923483073711,0.009275923483073711,3.1900592148303986e-05,0.0,3.1900592148303986e-05
3011,0.0010599556844681501,0.0010602287948131561,0.0010602287948131561,2.731103450059891e-07,0.0,2.731103450059891e-07
836,0.019600871950387955,0.019600730389356613,0.019600730389356613,-1.4156103134155273e-07,0.0,-1.4156103134155273e-07
4737,0.0008669399539940059,0.0008994345553219318,0.0008965536253526807,3.249460132792592e-05,-2.880929969251156e-06,2.9613671358674765e-05
2226,5.423092716227984e-06,5.365503966459073e-06,5.365503966459073e-06,-5.758874976891093e-08,0.0,-5.758874976891093e-08
3651,0.00040974366129375994,0.0004088629502803087,0.00040822193841449916,-8.807110134512186e-07,-6.410118658095598e-07,-1.5217228792607784e-06
2377,0.010038906708359718,0.010038938373327255,0.010038938373327255,3.166496753692627e-08,0.0,3.166496753692627e-08
555,0.017409060150384903,0.01740926317870617,0.01740926317870617,2.0302832126617432e-07,0.0,2.0302832126617432e-07
2863,0.0038036482874304056,0.003803672967478633,0.003803672967478633,2.468004822731018e-08,0.0,2.468004822731018e-08
1499,0.012509500607848167,0.012508201412856579,0.012508480809628963,-1.2991949915885925e-06,2.7939677238464355e-07,-1.019798219203949e-06
1041,0.004670224618166685,0.004654550924897194,0.004655621014535427,-1.5673693269491196e-05,1.0700896382331848e-06,-1.4603603631258011e-05
351,0.013470555655658245,0.01347075030207634,0.01347075030207634,1.94646418094635e-07,0.0,1.94646418094635e-07
3349,0.0017453762702643871,0.0017473191255703568,0.0017473191255703568,1.942855305969715e-06,0.0,1.942855305969715e-06
3254,0.004935390781611204,0.0049371798522770405,0.0049371798522770405,1.7890706658363342e-06,0.0,1.7890706658363342e-06
2137,0.0010001250775530934,0.0010001928312703967,0.0010001928312703967,6.775371730327606e-08,0.0,6.775371730327606e-08
1381,0.012762325815856457,0.012742104940116405,0.01274283230304718,-2.022087574005127e-05,7.273629307746887e-07,-1.949351280927658e-05
3926,0.004017062950879335,0.004015106242150068,0.004015106242150068,-1.9567087292671204e-06,0.0,-1.9567087292671204e-06
2762,0.003727489151060581,0.0037274984642863274,0.0037294672802090645,9.313225746154785e-09,1.9688159227371216e-06,1.9781291484832764e-06
3732,0.0018548943335190415,0.001857358613051474,0.001857358613051474,2.464279532432556e-06,0.0,2.464279532432556e-06
1240,0.010257137939333916,0.01024729572236538,0.010258513502776623,-9.842216968536377e-06,1.1217780411243439e-05,1.3755634427070618e-06
989,0.010499445721507072,0.010499373078346252,0.010499373078346252,-7.264316082000732e-08,0.0,-7.264316082000732e-08
3330,0.0029153062496334314,0.0029155269730836153,0.0029155269730836153,2.207234501838684e-07,0.0,2.207234501838684e-07
4857,0.016032351180911064,0.016096370294690132,0.016094062477350235,6.401911377906799e-05,-2.3078173398971558e-06,6.171129643917084e-05
3166,0.0066001820378005505,0.006601277738809586,0.006601277738809586,1.0957010090351105e-06,0.0,1.0957010090351105e-06
205,0.005027531646192074,0.005025553982704878,0.005025553982704878,-1.9776634871959686e-06,0.0,-1.9776634871959686e-06
4410,0.009948761202394962,0.009973020292818546,0.009965811856091022,2.4259090423583984e-05,-7.208436727523804e-06,1.705065369606018e-05
1351,0.003936262801289558,0.003937377594411373,0.004201690200716257,1.1147931218147278e-06,0.00026431260630488396,0.0002654273994266987
2459,0.00021372897026594728,0.00021359317179303616,0.00021359317179303616,-1.3579847291111946e-07,0.0,-1.3579847291111946e-07
2903,0.004922614432871342,0.004922935273498297,0.004922935273498297,3.2084062695503235e-07,0.0,3.2084062695503235e-07
2248,0.0002934185031335801,0.0002931539202108979,0.0002931539202108979,-2.645829226821661e-07,0.0,-2.645829226821661e-07
4251,0.0450899563729763,0.04522554948925972,0.045275285840034485,0.00013559311628341675,4.9736350774765015e-05,0.00018532946705818176
2499,0.0004299658176023513,0.00043018089490942657,0.00043018089490942657,2.1507730707526207e-07,0.0,2.1507730707526207e-07
1526,0.0041926852427423,0.0041920882649719715,0.0041920882649719715,-5.969777703285217e-07,0.0,-5.969777703285217e-07
3354,0.003996776416897774,0.003997158259153366,0.003997158259153366,3.818422555923462e-07,0.0,3.818422555923462e-07
746,3.15878824039828e-05,3.160945561830886e-05,3.160945561830886e-05,2.1573214326053858e-08,0.0,2.1573214326053858e-08
2846,7.819346501491964e-05,7.81850321800448e-05,7.81850321800448e-05,-8.43283487483859e-09,0.0,-8.43283487483859e-09
4390,0.012008113786578178,0.012301928363740444,0.012301928363740444,0.0002938145771622658,0.0,0.0002938145771622658
4435,0.004215400665998459,0.004231891129165888,0.004231116268783808,1.649046316742897e-05,-7.748603820800781e-07,1.5715602785348892e-05
2106,0.0004794569395016879,0.00047921095392666757,0.00047921095392666757,-2.4598557502031326e-07,0.0,-2.4598557502031326e-07
4026,0.001030582352541387,0.001041602110490203,0.0010399530874565244,1.1019757948815823e-05,-1.6490230336785316e-06,9.370734915137291e-06
1137,0.006939665414392948,0.006925961934030056,0.006929741241037846,-1.3703480362892151e-05,3.779307007789612e-06,-9.924173355102539e-06
188,0.011782451532781124,0.011783169582486153,0.011783169582486153,7.180497050285339e-07,0.0,7.180497050285339e-07
1182,0.0033437113743275404,0.003346348414197564,0.003346348414197564,2.6370398700237274e-06,0.0,2.6370398700237274e-06
3221,0.004458958748728037,0.004459924530237913,0.004459924530237913,9.657815098762512e-07,0.0,9.657815098762512e-07
2798,1.011966378428042e-05,1.0112339623447042e-05,1.0112339623447042e-05,-7.324160833377391e-09,0.0,-7.324160833377391e-09
1252,0.00625681271776557,0.006255866028368473,0.006258157081902027,-9.466893970966339e-07,2.291053533554077e-06,1.3443641364574432e-06
4900,0.00626455107703805,0.006220551673322916,0.0062310583889484406,-4.399940371513367e-05,1.0506715625524521e-05,-3.3492688089609146e-05
2213,0.00023250885715242475,0.00023252860410138965,0.00023571422207169235,1.9746948964893818e-08,3.185617970302701e-06,3.205364919267595e-06
3799,0.004295859951525927,0.00429667579010129,0.00429667579010129,8.158385753631592e-07,0.0,8.158385753631592e-07
3484,0.005339877214282751,0.005342768970876932,0.005342768970876932,2.891756594181061e-06,0.0,2.891756594181061e-06
345,,,,,,
998,0.0028946856036782265,0.0028919538017362356,0.0028919538017362356,-2.7318019419908524e-06,0.0,-2.7318019419908524e-06
1824,0.009878761135041714,0.009882979094982147,0.009887811727821827,4.217959940433502e-06,4.832632839679718e-06,9.05059278011322e-06
1970,0.002469875616952777,0.002470489125698805,0.0024706500116735697,6.135087460279465e-07,1.6088597476482391e-07,7.743947207927704e-07
3525,1.7173604646814056e-05,1.7199694411829114e-05,1.7199694411829114e-05,2.608976501505822e-08,0.0,2.608976501505822e-08
2407,0.00017776477034203708,0.0001778020232450217,0.0001778020232450217,3.725290298461914e-08,0.0,3.725290298461914e-08
432,0.003756949445232749,0.003756949445232749,0.003756949445232749,0.0,0.0,0.0
2623,0.006222562398761511,0.006222558673471212,0.006222558673471212,-3.725290298461914e-09,0.0,-3.725290298461914e-09
781,0.00028155918698757887,0.00028129052952863276,0.00028129052952863276,-2.686574589461088e-07,0.0,-2.686574589461088e-07
4757,0.008518446236848831,0.008531549945473671,0.008531549945473671,1.3103708624839783e-05,0.0,1.3103708624839783e-05
1259,0.005323493853211403,0.0053237564861774445,0.005433306097984314,2.6263296604156494e-07,0.00010954961180686951,0.00010981224477291107
4787,0.01594129204750061,0.015979941934347153,0.015979941934347153,3.864988684654236e-05,0.0,3.864988684654236e-05
1679,0.007933136075735092,0.007924790494143963,0.007932903245091438,-8.345581591129303e-06,8.112750947475433e-06,-2.3283064365386963e-07
4054,0.014004837721586227,0.014017708599567413,0.014017708599567413,1.2870877981185913e-05,0.0,1.2870877981185913e-05
85,0.010314477607607841,0.010314647108316422,0.010314647108316422,1.695007085800171e-07,0.0,1.695007085800171e-07
749,0.004159614909440279,0.004159897565841675,0.004159897565841675,2.8265640139579773e-07,0.0,2.8265640139579773e-07
1900,0.004593741148710251,0.004592804703861475,0.004592804703861475,-9.364448487758636e-07,0.0,-9.364448487758636e-07
4584,0.03682775795459747,0.036770373582839966,0.036770373582839966,-5.7384371757507324e-05,0.0,-5.7384371757507324e-05
1379,0.00024433250655420125,0.00024379708338528872,0.00024379708338528872,-5.354231689125299e-07,0.0,-5.354231689125299e-07
4159,0.016397787258028984,0.016426408663392067,0.016412194818258286,2.8621405363082886e-05,-1.4213845133781433e-05,1.4407560229301453e-05
887,0.008047561161220074,0.008047183975577354,0.008047183975577354,-3.771856427192688e-07,0.0,-3.771856427192688e-07
1349,0.002990761771798134,0.0030122229363769293,0.0030122229363769293,2.1461164578795433e-05,0.0,2.1461164578795433e-05
2080,0.0015172839630395174,0.0015173119027167559,0.0015173119027167559,2.7939677238464355e-08,0.0,2.7939677238464355e-08
515,0.0043409052304923534,0.0043408521451056,0.0043408521451056,-5.3085386753082275e-08,0.0,-5.3085386753082275e-08
1377,0.002902454463765025,0.0029027338605374098,0.0029027338605374098,2.7939677238464355e-07,0.0,2.7939677238464355e-07
2255,0.000346307730069384,0.00034583534579724073,0.00034583534579724073,-4.7238427214324474e-07,0.0,-4.7238427214324474e-07
2218,0.0002583462046459317,0.0002587410854175687,0.0002587410854175687,3.948807716369629e-07,0.0,3.948807716369629e-07
105,0.006169786211103201,0.006169786211103201,0.006169786211103201,0.0,0.0,0.0
962,0.006488638464361429,0.006487758364528418,0.006487758364528418,-8.800998330116272e-07,0.0,-8.800998330116272e-07
3057,0.0001921687216963619,0.00018808872846420854,0.00018969090888276696,-4.079993232153356e-06,1.6021804185584188e-06,-2.4778128135949373e-06
2937,0.0005238334415480494,0.000524393399246037,0.000524393399246037,5.599576979875565e-07,0.0,5.599576979875565e-07
1058,0.00460092443972826,0.004601798020303249,0.0046044629998505116,8.735805749893188e-07,2.6649795472621918e-06,3.5385601222515106e-06
2236,0.0020610657520592213,0.0020609726198017597,0.0020609726198017597,-9.313225746154785e-08,0.0,-9.313225746154785e-08
3067,0.0006711094756610692,0.0006737521034665406,0.0006737521034665406,2.6426278054714203e-06,0.0,2.6426278054714203e-06
3122,0.007279304787516594,0.007280701771378517,0.007280701771378517,1.3969838619232178e-06,0.0,1.3969838619232178e-06
2452,1.7014634067891166e-05,1.7168396880151704e-05,1.7168396880151704e-05,1.5376281226053834e-07,0.0,1.5376281226053834e-07
4088,0.01194657664746046,0.012283646501600742,0.01227452140301466,0.0003370698541402817,-9.125098586082458e-06,0.0003279447555541992
3339,0.0005177049315534532,0.0005177049315534532,0.0005177049315534532,0.0,0.0,0.0
4639,0.04926760867238045,0.04924267530441284,0.04924267530441284,-2.493336796760559e-05,0.0,-2.493336796760559e-05
2706,0.00916168000549078,0.009161906316876411,0.009161906316876411,2.2631138563156128e-07,0.0,2.2631138563156128e-07
3282,0.009066978469491005,0.009066290222108364,0.009066290222108364,-6.882473826408386e-07,0.0,-6.882473826408386e-07
1181,0.004746420308947563,0.004748010076582432,0.004748733248561621,1.5897676348686218e-06,7.231719791889191e-07,2.312939614057541e-06
4770,9.854563359112944e-06,1.0484595804882701e-05,9.47490207181545e-06,6.30032445769757e-07,-1.0096937330672517e-06,-3.796612872974947e-07
4935,0.008995328098535538,0.00900846067816019,0.009034150280058384,1.3132579624652863e-05,2.568960189819336e-05,3.882218152284622e-05
3003,0.0007362787728197873,0.0007352642132900655,0.0007352642132900655,-1.014559529721737e-06,0.0,-1.014559529721737e-06
1810,0.0072599612176418304,0.007261350750923157,0.007263850420713425,1.389533281326294e-06,2.4996697902679443e-06,3.889203071594238e-06
2290,0.0006136231240816414,0.00061372434720397,0.00061372434720397,1.0122312232851982e-07,0.0,1.0122312232851982e-07
2453,0.0018619946204125881,0.0018618820467963815,0.0018618820467963815,-1.1257361620664597e-07,0.0,-1.1257361620664597e-07
1007,0.0022400999441742897,0.0022403227631002665,0.0022403227631002665,2.2281892597675323e-07,0.0,2.2281892597675323e-07
1802,0.002371899550780654,0.002376354532316327,0.002405818086117506,4.4549815356731415e-06,2.9463553801178932e-05,3.3918535336852074e-05
1836,0.0007056216127239168,0.0007061384967528284,0.0007061384967528284,5.168840289115906e-07,0.0,5.168840289115906e-07
3713,0.0008220269228331745,0.0008233410771936178,0.0008232863619923592,1.3141543604433537e-06,-5.471520125865936e-08,1.2594391591846943e-06
287,0.002416311763226986,0.0024165387731045485,0.0024165387731045485,2.270098775625229e-07,0.0,2.270098775625229e-07
4652,0.02795383147895336,0.02803121693432331,0.028054120019078255,7.738545536994934e-05,2.2903084754943848e-05,0.00010028854012489319
2715,0.0002931721683125943,0.00029328730306588113,0.00029328730306588113,1.1513475328683853e-07,0.0,1.1513475328683853e-07
2491,,,,,,
2294,7.402034680126235e-05,7.4203206168022e-05,7.4203206168022e-05,1.8285936675965786e-07,0.0,1.8285936675965786e-07
1901,0.009923321194946766,0.009925744496285915,0.00993325188755989,2.423301339149475e-06,7.507391273975372e-06,9.930692613124847e-06
1081,0.0027975738048553467,0.0028092097491025925,0.002822649432346225,1.1635944247245789e-05,1.3439683243632317e-05,2.5075627490878105e-05
294,0.0012518190778791904,0.001251498470082879,0.001251498470082879,-3.206077963113785e-07,0.0,-3.206077963113785e-07
4979,0.005790223367512226,0.005813948344439268,0.005816898308694363,2.3724976927042007e-05,2.949964255094528e-06,2.6674941182136536e-05
1616,0.008851815946400166,0.00887033250182867,0.00887033250182867,1.8516555428504944e-05,0.0,1.8516555428504944e-05
2189,0.0002107725595124066,0.0002107725595124066,0.0002107725595124066,0.0,0.0,0.0
1524,0.005719637032598257,0.005733630619943142,0.005733630619943142,1.3993587344884872e-05,0.0,1.3993587344884872e-05
4524,0.02488802745938301,0.024937868118286133,0.024942953139543533,4.984065890312195e-05,5.085021257400513e-06,5.492568016052246e-05
886,0.0014627855271100998,0.0014614011161029339,0.0014614011161029339,-1.3844110071659088e-06,0.0,-1.3844110071659088e-06
438,,,,,,
2817,6.053667220839998e-06,5.977648015687009e-06,5.977648015687009e-06,-7.601920515298843e-08,0.0,-7.601920515298843e-08
227,0.005271804053336382,0.005271907430142164,0.005271907430142164,1.0337680578231812e-07,0.0,1.0337680578231812e-07
1549,0.00478933472186327,0.0047942777164280415,0.0047942777164280415,4.942994564771652e-06,0.0,4.942994564771652e-06
2421,2.012259210459888e-05,2.0189872884657234e-05,2.0189872884657234e-05,6.728078005835414e-08,0.0,6.728078005835414e-08
3284,0.002386030973866582,0.0023838661145418882,0.0023838661145418882,-2.16485932469368e-06,0.0,-2.16485932469368e-06
1569,0.008749689906835556,0.008759004063904285,0.008764215745031834,9.3141570687294e-06,5.211681127548218e-06,1.4525838196277618e-05
2263,0.01119481585919857,0.011195363476872444,0.011195363476872444,5.476176738739014e-07,0.0,5.476176738739014e-07
3649,0.0012172495480626822,0.001216439763084054,0.001216439763084054,-8.097849786281586e-07,0.0,-8.097849786281586e-07
414,0.0019702415447682142,0.0019685160368680954,0.0019685160368680954,-1.7255079001188278e-06,0.0,-1.7255079001188278e-06
52,0.004027528688311577,0.004026740323752165,0.004026740323752165,-7.883645594120026e-07,0.0,-7.883645594120026e-07
2359,0.004878412466496229,0.00487846415489912,0.00487846415489912,5.168840289115906e-08,0.0,5.168840289115906e-08
3161,0.011661638505756855,0.011662032455205917,0.011662032455205917,3.939494490623474e-07,0.0,3.939494490623474e-07
2513,0.006421685218811035,0.006421807687729597,0.006421807687729597,1.2246891856193542e-07,0.0,1.2246891856193542e-07
2966,0.00020174488599877805,0.0002021536638494581,0.0002021536638494581,4.0877785068005323e-07,0.0,4.0877785068005323e-07
4554,0.01346257608383894,0.01353094819933176,0.01353984884917736,6.837211549282074e-05,8.900649845600128e-06,7.727276533842087e-05
1997,0.002283393405377865,0.0022839971352368593,0.0022839971352368593,6.03729858994484e-07,0.0,6.03729858994484e-07
1942,0.005722423084080219,0.005721020046621561,0.00572477001696825,-1.4030374586582184e-06,3.7499703466892242e-06,2.346932888031006e-06
4064,0.002560920314863324,0.0023797000758349895,0.0023797000758349895,-0.00018122023902833462,0.0,-0.00018122023902833462
2132,0.019203586503863335,0.01920384354889393,0.01920384354889393,2.5704503059387207e-07,0.0,2.5704503059387207e-07
3085,0.0052015813998878,0.005201358813792467,0.005201358813792467,-2.2258609533309937e-07,0.0,-2.2258609533309937e-07
1253,0.002647724933922291,0.002635527867823839,0.0036562813911587,-1.2197066098451614e-05,0.0010207535233348608,0.0010085564572364092
3027,0.005273014307022095,0.005270520690828562,0.005270520690828562,-2.4936161935329437e-06,0.0,-2.4936161935329437e-06
3216,0.0037810008507221937,0.0037825065664947033,0.0037825065664947033,1.5057157725095749e-06,0.0,1.5057157725095749e-06
4150,0.003649882273748517,0.003649882273748517,0.003649882273748517,0.0,0.0,0.0
3056,0.004129324108362198,0.004128513857722282,0.004128513857722282,-8.102506399154663e-07,0.0,-8.102506399154663e-07
3949,0.0028403904289007187,0.0028392469976097345,0.0028392469976097345,-1.1434312909841537e-06,0.0,-1.1434312909841537e-06
1513,0.0005475053912959993,0.0005680294125340879,0.00046391270007006824,2.0524021238088608e-05,-0.00010411671246401966,-8.359269122593105e-05
1042,0.007136872503906488,0.007130494806915522,0.007136540021747351,-6.377696990966797e-06,6.045214831829071e-06,-3.3248215913772583e-07
2361,7.681146962568164e-05,7.69426696933806e-05,7.69426696933806e-05,1.3120006769895554e-07,0.0,1.3120006769895554e-07
3772,0.00019139137293677777,0.00019097578478977084,0.00019097578478977084,-4.155881470069289e-07,0.0,-4.155881470069289e-07
3792,0.00010024911171058193,0.00010024911171058193,0.00010024911171058193,0.0,0.0,0.0
1584,0.0071955774910748005,0.007198803126811981,0.007198803126811981,3.22563573718071e-06,0.0,3.22563573718071e-06
1885,0.0048996321856975555,0.004903131164610386,0.004903852473944426,3.4989789128303528e-06,7.213093340396881e-07,4.220288246870041e-06
4454,4.707701737061143e-05,3.8159112591529265e-05,3.8159112591529265e-05,-8.917904779082164e-06,0.0,-8.917904779082164e-06
642,0.004623090382665396,0.004624531604349613,0.004624531604349613,1.441221684217453e-06,0.0,1.441221684217453e-06
4451,0.0016506368992850184,0.0016091972356662154,0.0016529364511370659,-4.1439663618803024e-05,4.373921547085047e-05,2.2995518520474434e-06
1114,0.002248550998046994,0.00225479225628078,0.0022550979629158974,6.241258233785629e-06,3.057066351175308e-07,6.54696486890316e-06
3009,0.002512390725314617,0.0025122344959527254,0.00254017673432827,-1.5622936189174652e-07,2.7942238375544548e-05,2.77860090136528e-05
4391,0.02506215125322342,0.025095868855714798,0.02505776286125183,3.3717602491378784e-05,-3.810599446296692e-05,-4.388391971588135e-06
95,0.004561519715934992,0.004563300870358944,0.004563300870358944,1.7811544239521027e-06,0.0,1.7811544239521027e-06
4552,0.007764567155390978,0.0076373727060854435,0.007647709921002388,-0.00012719444930553436,1.0337214916944504e-05,-0.00011685723438858986
2121,0.002761491807177663,0.002761842915788293,0.002761842915788293,3.511086106300354e-07,0.0,3.511086106300354e-07
1448,0.001463328837417066,0.0014653108082711697,0.0014658297877758741,1.9819708541035652e-06,5.189795047044754e-07,2.5009503588080406e-06
2165,0.00023194814275484532,0.00023194123059511185,0.00023194123059511185,-6.912159733474255e-09,0.0,-6.912159733474255e-09
4347,0.030091697350144386,0.03009589947760105,0.03009589947760105,4.202127456665039e-06,0.0,4.202127456665039e-06
2572,,,,,,
2440,0.00015777224325574934,0.0001574378984514624,0.0001574378984514624,-3.343448042869568e-07,0.0,-3.343448042869568e-07
3096,0.0008418734651058912,0.0008419351652264595,0.0008419351652264595,6.170012056827545e-08,0.0,6.170012056827545e-08
1420,0.0057942005805671215,0.005788137670606375,0.00579240033403039,-6.062909960746765e-06,4.262663424015045e-06,-1.80024653673172e-06
2035,0.005406408570706844,0.005406749434769154,0.005406749434769154,3.4086406230926514e-07,0.0,3.4086406230926514e-07
794,0.003735207486897707,0.003735073609277606,0.003735073609277606,-1.3387762010097504e-07,0.0,-1.3387762010097504e-07
3281,0.004159790463745594,0.00415813596919179,0.00415813596919179,-1.6544945538043976e-06,0.0,-1.6544945538043976e-06
183,0.00018369575263932347,0.00018636806635186076,0.00018636806635186076,2.6723137125372887e-06,0.0,2.6723137125372887e-06
401,0.0009397994726896286,0.0009400576818734407,0.0009400576818734407,2.582091838121414e-07,0.0,2.582091838121414e-07
2836,9.58524105953984e-05,9.561449405737221e-05,9.561449405737221e-05,-2.3791653802618384e-07,0.0,-2.3791653802618384e-07
2476,0.00028398068388924,0.00028380140429362655,0.00028380140429362655,-1.7927959561347961e-07,0.0,-1.7927959561347961e-07
1661,0.0025115665048360825,0.002512331586331129,0.002512331586331129,7.650814950466156e-07,0.0,7.650814950466156e-07
1658,0.008445415645837784,0.008437452837824821,0.008440319448709488,-7.962808012962341e-06,2.866610884666443e-06,-5.0961971282958984e-06
1545,0.010784149169921875,0.010791596956551075,0.010793101042509079,7.447786629199982e-06,1.5040859580039978e-06,8.95187258720398e-06
1815,0.0033944000024348497,0.0033963986206799746,0.0034005548804998398,1.998618245124817e-06,4.156259819865227e-06,6.154878064990044e-06
3135,0.00012090006930520758,0.00012057204003212973,0.00012057204003212973,-3.2802927307784557e-07,0.0,-3.2802927307784557e-07
279,0.0016289323102682829,0.0016289323102682829,0.0016289323102682829,0.0,0.0,0.0
4700,0.0003769291506614536,0.00036972560337744653,0.00036972560337744653,-7.2035472840070724e-06,0.0,-7.2035472840070724e-06
4137,0.00024488387862220407,0.0002467732992954552,0.0002449532621540129,1.889420673251152e-06,-1.8200371414422989e-06,6.938353180885315e-08
1146,0.0049829124473035336,0.004984434228390455,0.004984434228390455,1.521781086921692e-06,0.0,1.521781086921692e-06
3390,0.0003414928796701133,0.0003414477105252445,0.0003414477105252445,-4.516914486885071e-08,0.0,-4.516914486885071e-08
4445,0.0022251142654567957,0.0023454269394278526,0.0023454269394278526,0.00012031267397105694,0.0,0.00012031267397105694
4924,0.016907949000597,0.01646239683032036,0.01646239683032036,-0.00044555217027664185,0.0,-0.00044555217027664185
314,0.0014538620598614216,0.001453810604289174,0.001453810604289174,-5.145557224750519e-08,0.0,-5.145557224750519e-08
1214,0.002047432353720069,0.0020470586605370045,0.0020470586605370045,-3.7369318306446075e-07,0.0,-3.7369318306446075e-07
4862,0.006289733108133078,0.006280085537582636,0.0062810685485601425,-9.647570550441742e-06,9.830109775066376e-07,-8.664559572935104e-06
4699,0.03083355352282524,0.030981283634901047,0.030944688245654106,0.00014773011207580566,-3.659538924694061e-05,0.00011113472282886505
333,0.001931339269503951,0.0019328760681673884,0.0019328760681673884,1.5367986634373665e-06,0.0,1.5367986634373665e-06
2420,0.00021881109569221735,0.00021932675736024976,0.00021932675736024976,5.156616680324078e-07,0.0,5.156616680324078e-07
3249,0.006110070738941431,0.006110564339905977,0.006110564339905977,4.936009645462036e-07,0.0,4.936009645462036e-07
2229,0.00023639398568775505,0.00023664992477279156,0.00023664992477279156,2.559390850365162e-07,0.0,2.559390850365162e-07
1941,0.006320847664028406,0.006321875844150782,0.006324385292828083,1.0281801223754883e-06,2.509448677301407e-06,3.537628799676895e-06
1756,0.006301979999989271,0.006295665167272091,0.006309917662292719,-6.314832717180252e-06,1.4252495020627975e-05,7.937662303447723e-06
58,0.001780692138709128,0.0017809647833928466,0.001802402432076633,2.7264468371868134e-07,2.1437648683786392e-05,2.1710293367505074e-05
301,0.00426140520721674,0.004261800553649664,0.004261800553649664,3.9534643292427063e-07,0.0,3.9534643292427063e-07
2535,0.001489200396463275,0.0014893014449626207,0.00150517956353724,1.0104849934577942e-07,1.5878118574619293e-05,1.5979167073965073e-05
4080,0.010688147507607937,0.010687575675547123,0.010687575675547123,-5.718320608139038e-07,0.0,-5.718320608139038e-07
4621,0.0006865626201033592,0.0006830498459748924,0.0006828155019320548,-3.5127741284668446e-06,-2.3434404283761978e-07,-3.7471181713044643e-06
3186,0.0026979155372828245,0.0026981330011039972,0.0026981330011039972,2.1746382117271423e-07,0.0,2.1746382117271423e-07
1573,0.008225496858358383,0.00822603888809681,0.008230925537645817,5.420297384262085e-07,4.886649549007416e-06,5.428679287433624e-06
576,0.0008820467046461999,0.0008819308714009821,0.0008819308714009821,-1.1583324521780014e-07,0.0,-1.1583324521780014e-07
1649,0.0046780891716480255,0.004671850707381964,0.004671850707381964,-6.238464266061783e-06,0.0,-6.238464266061783e-06
978,0.005494235083460808,0.005493415519595146,0.005493415519595146,-8.195638656616211e-07,0.0,-8.195638656616211e-07
4258,0.005392494611442089,0.005379175301641226,0.00535976979881525,-1.3319309800863266e-05,-1.9405502825975418e-05,-3.2724812626838684e-05
718,3.898948853020556e-05,3.881630254909396e-05,3.881630254909396e-05,-1.73185981111601e-07,0.0,-1.73185981111601e-07
3687,1.5276489648385905e-05,1.5276489648385905e-05,1.5276489648385905e-05,0.0,0.0,0.0
1515,0.007609556429088116,0.007599672302603722,0.007599672302603722,-9.884126484394073e-06,0.0,-9.884126484394073e-06
93,0.00019496813183650374,0.0001955661573447287,0.0001955661573447287,5.980255082249641e-07,0.0,5.980255082249641e-07
1952,0.0017790551064535975,0.0017764164367690682,0.0022657534573227167,-2.6386696845293045e-06,0.0004893370205536485,0.00048669835086911917
4831,0.0051161921583116055,0.005099140573292971,0.005104426294565201,-1.7051585018634796e-05,5.285721272230148e-06,-1.1765863746404648e-05
4506,0.003926941659301519,0.003969014156609774,0.004024398513138294,4.207249730825424e-05,5.5384356528520584e-05,9.745685383677483e-05
4888,0.026866594329476357,0.027298104017972946,0.027298104017972946,0.00043150968849658966,0.0,0.00043150968849658966
675,0.020217545330524445,0.020217562094330788,0.020217562094330788,1.6763806343078613e-08,0.0,1.6763806343078613e-08
620,0.00046985800145193934,0.00046880063018761575,0.00046880063018761575,-1.0573712643235922e-06,0.0,-1.0573712643235922e-06
459,0.007666910067200661,0.007668572943657637,0.007668572943657637,1.6628764569759369e-06,0.0,1.6628764569759369e-06
1046,0.01236816681921482,0.012378040701150894,0.012383418157696724,9.873881936073303e-06,5.377456545829773e-06,1.5251338481903076e-05
4785,0.012023108080029488,0.011999388225376606,0.011999388225376606,-2.3719854652881622e-05,0.0,-2.3719854652881622e-05
3537,0.007678004913032055,0.007678004913032055,0.007678004913032055,0.0,0.0,0.0
901,0.004511687904596329,0.00451264251023531,0.00451264251023531,9.546056389808655e-07,0.0,9.546056389808655e-07
1861,0.0055397977121174335,0.0055896081030368805,0.0055896081030368805,4.9810390919446945e-05,0.0,4.9810390919446945e-05
1967,0.006923116743564606,0.006911249365657568,0.006915548350661993,-1.1867377907037735e-05,4.298985004425049e-06,-7.568392902612686e-06
3721,0.006876133847981691,0.006878092419356108,0.006878092419356108,1.9585713744163513e-06,0.0,1.9585713744163513e-06
669,0.0009390556369908154,0.0009390267077833414,0.0009390267077833414,-2.89292074739933e-08,0.0,-2.89292074739933e-08
2700,0.00305183045566082,0.003051978535950184,0.003051978535950184,1.4808028936386108e-07,0.0,1.4808028936386108e-07
861,0.002667452208697796,0.002668151631951332,0.002668151631951332,6.994232535362244e-07,0.0,6.994232535362244e-07
1669,0.012241248041391373,0.012218382209539413,0.012219729833304882,-2.286583185195923e-05,1.3476237654685974e-06,-2.151820808649063e-05
948,0.00791313499212265,0.007913066074252129,0.007949567399919033,-6.891787052154541e-08,3.650132566690445e-05,3.6432407796382904e-05
2423,0.0005346564576029778,0.0005350616411305964,0.0005350616411305964,4.051835276186466e-07,0.0,4.051835276186466e-07
1775,0.0041219862177968025,0.004121890291571617,0.0041225142776966095,-9.592622518539429e-08,6.239861249923706e-07,5.280598998069763e-07
528,0.0048421164974570274,0.0048419213853776455,0.0048419213853776455,-1.9511207938194275e-07,0.0,-1.9511207938194275e-07
323,0.006642438936978579,0.006642121821641922,0.006642121821641922,-3.1711533665657043e-07,0.0,-3.1711533665657043e-07
4386,0.003921060357242823,0.003923439420759678,0.003928483929485083,2.37906351685524e-06,5.044508725404739e-06,7.423572242259979e-06
4172,0.015581903047859669,0.015564857982099056,0.01556539535522461,-1.7045065760612488e-05,5.373731255531311e-07,-1.6507692635059357e-05
1015,0.008013769052922726,0.008003952912986279,0.008007063530385494,-9.816139936447144e-06,3.1106173992156982e-06,-6.705522537231445e-06
966,0.0024274163879454136,0.0024263495579361916,0.0024263495579361916,-1.0668300092220306e-06,0.0,-1.0668300092220306e-06
1408,0.007606676314026117,0.007618005387485027,0.007618005387485027,1.1329073458909988e-05,0.0,1.1329073458909988e-05
1173,0.0076495325192809105,0.007644677069038153,0.0076483627781271935,-4.855450242757797e-06,3.6857090890407562e-06,-1.169741153717041e-06
838,0.0004523945099208504,0.000452360138297081,0.0004474014858715236,-3.4371623769402504e-08,-4.958652425557375e-06,-4.9930240493267775e-06
2869,0.00858271773904562,0.00858271773904562,0.00858271773904562,0.0,0.0,0.0
4802,0.019480513408780098,0.0194556824862957,0.019434010609984398,-2.4830922484397888e-05,-2.1671876311302185e-05,-4.650279879570007e-05
3909,0.0018634003354236484,0.0018650988349691033,0.0018650988349691033,1.698499545454979e-06,0.0,1.698499545454979e-06
584,0.008511047810316086,0.00851148646324873,0.00851148646324873,4.386529326438904e-07,0.0,4.386529326438904e-07
2942,,,,,,
3148,0.00012502935715019703,0.00012502935715019703,0.00012502935715019703,0.0,0.0,0.0
1219,0.001280378783121705,0.0012806637678295374,0.0012806637678295374,2.849847078323364e-07,0.0,2.849847078323364e-07
2335,4.5735330786556005e-05,4.568899385049008e-05,4.568899385049008e-05,-4.633693606592715e-08,0.0,-4.633693606592715e-08
2225,0.00024538885918445885,0.00024572343681938946,0.00024572343681938946,3.3457763493061066e-07,0.0,3.3457763493061066e-07
3044,0.0031765028834342957,0.0031765811145305634,0.0031765811145305634,7.82310962677002e-08,0.0,7.82310962677002e-08
1039,0.004316812381148338,0.0043319459073245525,0.0043319459073245525,1.5133526176214218e-05,0.0,1.5133526176214218e-05
1956,0.006268752738833427,0.0062838890589773655,0.006289290729910135,1.5136320143938065e-05,5.401670932769775e-06,2.053799107670784e-05
2153,6.2775534388492815e-06,6.321300134004559e-06,6.321300134004559e-06,4.374669515527785e-08,0.0,4.374669515527785e-08
3328,0.0044909510761499405,0.004495591390877962,0.004495591390877962,4.640314728021622e-06,0.0,4.640314728021622e-06
2396,0.0002558829146437347,0.0002560582652222365,0.0002560582652222365,1.7535057850182056e-07,0.0,1.7535057850182056e-07
1595,0.009370236657559872,0.00935885589569807,0.009363030083477497,-1.1380761861801147e-05,4.174187779426575e-06,-7.206574082374573e-06
2297,0.0015118755400180817,0.0015117937000468373,0.0015117937000468373,-8.183997124433517e-08,0.0,-8.183997124433517e-08
2344,0.0005034470232203603,0.0005032841581851244,0.0005032841581851244,-1.628650352358818e-07,0.0,-1.628650352358818e-07
2642,0.0382317453622818,0.038231730461120605,0.038231730461120605,-1.4901161193847656e-08,0.0,-1.4901161193847656e-08
3557,0.008431460708379745,0.0084289675578475,0.0084289675578475,-2.493150532245636e-06,0.0,-2.493150532245636e-06
3358,0.006675797048956156,0.006675112992525101,0.006675112992525101,-6.84056431055069e-07,0.0,-6.84056431055069e-07
4462,0.017891328781843185,0.018267007544636726,0.01826978102326393,0.00037567876279354095,2.773478627204895e-06,0.00037845224142074585
3139,0.00011988877668045461,0.00011988877668045461,0.00011988877668045461,0.0,0.0,0.0
2622,0.0003243367245886475,0.0003242303791921586,0.0003242303791921586,-1.0634539648890495e-07,0.0,-1.0634539648890495e-07
2754,0.0003301051037851721,0.0003301183751318604,0.0003325947327539325,1.3271346688270569e-08,2.4763576220721006e-06,2.489628968760371e-06
494,0.0022505454253405333,0.0022503670770674944,0.0022503670770674944,-1.7834827303886414e-07,0.0,-1.7834827303886414e-07
399,0.005557151045650244,0.0055566695518791676,0.005482777487486601,-4.814937710762024e-07,-7.389206439256668e-05,-7.437355816364288e-05
4660,0.009766795672476292,0.009784422814846039,0.009785307571291924,1.7627142369747162e-05,8.847564458847046e-07,1.8511898815631866e-05
1732,0.003707778872922063,0.0037164362147450447,0.00372566026635468,8.657341822981834e-06,9.224051609635353e-06,1.7881393432617188e-05
3921,0.0034721337724477053,0.0034736664965748787,0.0034736664965748787,1.5327241271734238e-06,0.0,1.5327241271734238e-06
1556,0.002203114563599229,0.0022019061725586653,0.0022019061725586653,-1.2083910405635834e-06,0.0,-1.2083910405635834e-06
3961,0.0029971434269100428,0.0029977180529385805,0.002997282426804304,5.746260285377502e-07,-4.356261342763901e-07,1.3899989426136017e-07
3757,0.0018551860703155398,0.001858699950389564,0.001858699950389564,3.5138800740242004e-06,0.0,3.5138800740242004e-06
124,0.0014959160471335053,0.0014959615655243397,0.0014959615655243397,4.551839083433151e-08,0.0,4.551839083433151e-08
4075,0.02874578721821308,0.02878248505294323,0.02878490649163723,3.6697834730148315e-05,2.421438694000244e-06,3.911927342414856e-05
3375,0.002896056743338704,0.002895798534154892,0.0028973224107176065,-2.582091838121414e-07,1.5238765627145767e-06,1.2656673789024353e-06
