graph_id,experiment,n_ablated_features,ablated_features,reconstruction_mse,latent_change_mean,n_affected_nodes,total_nodes,gnn_output_mse
4367,latent512_k4_ablate_z290,1,z290,3.8062717067077756e-06,0.0,0,10,1.8778696642129944e-07
4185,latent512_k4_ablate_z290,1,z290,1.0938341802102514e-05,0.0,0,10,2.462468501107651e-06
4460,latent512_k4_ablate_z290,1,z290,1.726314985717181e-05,0.0,0,10,3.351734903844772e-06
4416,latent512_k4_ablate_z290,1,z290,3.7418431020341814e-06,0.0,0,10,4.45143086835742e-07
3778,latent512_k4_ablate_z290,1,z290,5.22868276675581e-07,0.0,0,10,2.9060734263453014e-08
4808,latent512_k4_ablate_z290,1,z290,3.706321876961738e-06,0.0,0,10,7.716575112226565e-08
2648,latent512_k4_ablate_z290,1,z290,2.824356499786518e-07,0.0,0,10,1.5099379524485812e-08
4371,latent512_k4_ablate_z290,1,z290,2.4310542357852682e-05,0.0,0,10,1.151508422481129e-05
2534,latent512_k4_ablate_z290,1,z290,9.482779717018275e-08,0.0,0,10,2.8703974752630756e-09
2383,latent512_k4_ablate_z290,1,z290,1.6654408341310045e-07,0.0,0,10,2.1714908982062298e-08
2882,latent512_k4_ablate_z290,1,z290,6.413274888927845e-08,0.0,0,10,1.3920444796866605e-09
2616,latent512_k4_ablate_z290,1,z290,3.0239726811487344e-07,0.0,0,10,2.0329320449263832e-08
375,latent512_k4_ablate_z290,1,z290,1.513190341029258e-06,0.0,0,10,1.782018088647419e-08
764,latent512_k4_ablate_z290,1,z290,6.138978392300487e-07,0.0,0,10,1.2113323677453991e-08
2769,latent512_k4_ablate_z290,1,z290,1.7035570465395722e-07,0.0,0,10,6.0997358275471925e-09
485,latent512_k4_ablate_z290,1,z290,6.127357892182772e-07,0.0,0,10,2.5393187996769484e-08
2046,latent512_k4_ablate_z290,1,z290,1.861265417346658e-07,0.0,0,10,1.2162800544501806e-08
3368,latent512_k4_ablate_z290,1,z290,5.570868211179913e-07,0.0,0,10,5.12195352797562e-09
4991,latent512_k4_ablate_z290,1,z290,3.155741796945222e-05,0.0,0,10,2.5872566766338423e-05
4307,latent512_k4_ablate_z290,1,z290,6.16950128460303e-05,0.0,0,10,4.178548988420516e-05
3558,latent512_k4_ablate_z290,1,z290,5.913592531214817e-07,0.0,0,10,5.57704016301841e-09
3142,latent512_k4_ablate_z290,1,z290,1.1848130725411465e-06,0.0,0,10,8.747355195737327e-08
3606,latent512_k4_ablate_z290,1,z290,1.2121009831389529e-06,0.0,0,10,1.1292968338239007e-07
4913,latent512_k4_ablate_z290,1,z290,1.75619607034605e-05,0.0,0,10,3.1775755360285984e-06
2529,latent512_k4_ablate_z290,1,z290,2.1485621459760296e-07,0.0,0,10,1.2498465373766976e-08
1508,latent512_k4_ablate_z290,1,z290,1.2406926543917507e-06,0.0,0,10,8.972776299742691e-08
1056,latent512_k4_ablate_z290,1,z290,1.7016712945405743e-06,0.0,0,10,4.842733503096497e-08
3232,latent512_k4_ablate_z290,1,z290,7.919662721178611e-07,0.0,0,10,4.03473130461407e-08
3863,latent512_k4_ablate_z290,1,z290,3.0032799713808345e-07,0.0,0,10,5.524421364810905e-09
888,latent512_k4_ablate_z290,1,z290,5.468911581374414e-07,0.0,0,10,5.540242042911814e-09
1626,latent512_k4_ablate_z290,1,z290,5.818429826831562e-07,0.0,0,10,3.049009933420166e-08
1735,latent512_k4_ablate_z290,1,z290,1.0734127044997877e-06,0.0,0,10,2.2642407060402547e-08
867,latent512_k4_ablate_z290,1,z290,5.961741180726676e-07,0.0,0,10,1.531201654358938e-08
2853,latent512_k4_ablate_z290,1,z290,2.123026661138283e-07,0.0,0,10,1.0748271606075832e-08
3545,latent512_k4_ablate_z290,1,z290,1.721298588108766e-07,0.0,0,10,9.731503602949942e-09
4722,latent512_k4_ablate_z290,1,z290,1.169726238003932e-05,0.0,0,10,2.162600821975502e-06
3900,latent512_k4_ablate_z290,1,z290,3.7566496757790446e-07,0.0,0,10,1.1438869407243146e-08
4210,latent512_k4_ablate_z290,1,z290,7.510917384934146e-06,0.0,0,10,4.018997401544766e-07
4950,latent512_k4_ablate_z290,1,z290,6.721163117617834e-06,0.0,0,10,1.2628964896066464e-06
2260,latent512_k4_ablate_z290,1,z290,2.9716238714172505e-07,0.0,0,10,2.2460266535517803e-08
49,latent512_k4_ablate_z290,1,z290,2.7965245408267947e-07,0.0,0,10,1.2850085440163639e-08
760,latent512_k4_ablate_z290,1,z290,8.752414828450128e-07,0.0,0,10,2.119002973088868e-09
4624,latent512_k4_ablate_z290,1,z290,6.183855475683231e-06,0.0,0,10,2.6966193900079816e-07
1630,latent512_k4_ablate_z290,1,z290,1.2308183841014397e-06,0.0,0,10,4.3751448686180083e-08
4629,latent512_k4_ablate_z290,1,z290,8.109725968097337e-06,0.0,0,10,1.815152813833265e-06
4853,latent512_k4_ablate_z290,1,z290,2.4277193006128073e-05,0.0,0,10,2.412210506008705e-06
3590,latent512_k4_ablate_z290,1,z290,7.661184895368933e-07,0.0,0,10,1.4188063168774079e-08
446,latent512_k4_ablate_z290,1,z290,3.396181966763834e-07,0.0,0,10,1.636331248278111e-08
3414,latent512_k4_ablate_z290,1,z290,5.281970061332686e-07,0.0,0,10,2.8464686607776457e-08
4885,latent512_k4_ablate_z290,1,z290,4.383775831229286e-06,0.0,0,10,4.187418767287454e-07
4720,latent512_k4_ablate_z290,1,z290,3.6638225537899416e-06,0.0,0,10,5.149656203684572e-07
261,latent512_k4_ablate_z290,1,z290,8.371772537429933e-07,0.0,0,10,1.90765625518452e-08
752,latent512_k4_ablate_z290,1,z290,6.249247803680191e-07,0.0,0,10,1.440771058014434e-08
3066,latent512_k4_ablate_z290,1,z290,3.763997540318087e-07,0.0,0,10,6.5234404544867175e-09
1194,latent512_k4_ablate_z290,1,z290,8.177304948731035e-07,0.0,0,10,3.783957680525418e-08
3775,latent512_k4_ablate_z290,1,z290,1.0425412710901583e-06,0.0,0,10,5.965826233023108e-08
809,latent512_k4_ablate_z290,1,z290,5.187908413972764e-07,0.0,0,10,1.4941885950747746e-08
3504,latent512_k4_ablate_z290,1,z290,2.2479341055259283e-07,0.0,0,10,1.8781985744453777e-08
1179,latent512_k4_ablate_z290,1,z290,1.698219762147346e-06,0.0,0,10,1.4701598161082075e-07
4382,latent512_k4_ablate_z290,1,z290,2.901653260778403e-06,0.0,0,10,3.81296729301539e-07
3796,latent512_k4_ablate_z290,1,z290,9.155587576969992e-07,0.0,0,10,7.864121798206725e-09
437,latent512_k4_ablate_z290,1,z290,1.4738353684151662e-06,0.0,0,10,1.6432732508064873e-08
2455,latent512_k4_ablate_z290,1,z290,3.0794754479757103e-07,0.0,0,10,2.2844846014891118e-08
1672,latent512_k4_ablate_z290,1,z290,5.942796406088746e-07,0.0,0,10,3.880647270193549e-08
3477,latent512_k4_ablate_z290,1,z290,7.112552111721016e-07,0.0,0,10,2.6732077884616956e-08
4045,latent512_k4_ablate_z290,1,z290,1.430639713362325e-05,0.0,0,10,3.203783535354887e-06
4494,latent512_k4_ablate_z290,1,z290,1.232046361110406e-05,0.0,0,10,5.59862564841751e-06
3465,latent512_k4_ablate_z290,1,z290,5.088121497465181e-07,0.0,0,10,1.382114600545492e-08
1911,latent512_k4_ablate_z290,1,z290,9.106902325584088e-07,0.0,0,10,3.483817678784362e-08
423,latent512_k4_ablate_z290,1,z290,5.021426545681607e-07,0.0,0,10,1.0538959038797202e-08
3595,latent512_k4_ablate_z290,1,z290,1.230761540682579e-06,0.0,0,10,8.245327975942018e-09
247,latent512_k4_ablate_z290,1,z290,6.355368782351434e-07,0.0,0,10,2.137719512518288e-08
2693,latent512_k4_ablate_z290,1,z290,1.4226259281713283e-07,0.0,0,10,4.6040673495895135e-09
3124,latent512_k4_ablate_z290,1,z290,8.906624771043425e-08,0.0,0,10,3.985800134387318e-09
450,latent512_k4_ablate_z290,1,z290,2.60686590536352e-07,0.0,0,10,8.88439721791201e-09
3797,latent512_k4_ablate_z290,1,z290,3.1373406272905413e-07,0.0,0,10,9.239854215081778e-09
3807,latent512_k4_ablate_z290,1,z290,1.3513725605207583e-07,0.0,0,10,9.304106818319724e-09
4994,latent512_k4_ablate_z290,1,z290,7.757039384159725e-06,0.0,0,10,9.702756642582244e-07
1742,latent512_k4_ablate_z290,1,z290,1.081218329090916e-06,0.0,0,10,1.3698820566787617e-07
2275,latent512_k4_ablate_z290,1,z290,1.8281984637269488e-07,0.0,0,10,1.0563743657598934e-08
2873,latent512_k4_ablate_z290,1,z290,1.730976464386913e-07,0.0,0,10,1.412582939508411e-08
2239,latent512_k4_ablate_z290,1,z290,3.0149988106131786e-07,0.0,0,10,1.624961321056162e-08
2215,latent512_k4_ablate_z290,1,z290,2.412056119283079e-07,0.0,0,10,1.2026399431874779e-08
650,latent512_k4_ablate_z290,1,z290,2.7346032993591507e-07,0.0,0,10,1.2934282089815952e-08
1275,latent512_k4_ablate_z290,1,z290,1.1384784102119738e-06,0.0,0,10,3.767834755308286e-08
386,latent512_k4_ablate_z290,1,z290,7.047381700431288e-07,0.0,0,10,1.2070069388414595e-08
2669,latent512_k4_ablate_z290,1,z290,1.9878886803326168e-07,0.0,0,10,1.3600912396327658e-08
2665,latent512_k4_ablate_z290,1,z290,3.134755388600752e-07,0.0,0,10,2.7222862186704333e-08
1023,latent512_k4_ablate_z290,1,z290,3.0000342121638823e-06,0.0,0,10,2.5980642703871126e-07
597,latent512_k4_ablate_z290,1,z290,8.089299399216543e-07,0.0,0,10,1.0274151307498869e-08
690,latent512_k4_ablate_z290,1,z290,3.8514562561431376e-07,0.0,0,10,2.1267625882614993e-08
491,latent512_k4_ablate_z290,1,z290,1.1263189207966207e-06,0.0,0,10,2.1659857907252444e-08
1602,latent512_k4_ablate_z290,1,z290,7.510253112741339e-07,0.0,0,10,5.442011641321187e-08
3610,latent512_k4_ablate_z290,1,z290,6.392878049155115e-07,0.0,0,10,1.6266753277704993e-08
3948,latent512_k4_ablate_z290,1,z290,2.7490364118420985e-07,0.0,0,10,2.6664043417667926e-08
4740,latent512_k4_ablate_z290,1,z290,3.797206318267854e-06,0.0,0,10,2.4829751055222005e-07
1200,latent512_k4_ablate_z290,1,z290,1.0389321687398478e-06,0.0,0,10,1.2477825350742933e-07
1878,latent512_k4_ablate_z290,1,z290,1.0408122079752502e-06,0.0,0,10,6.269861785312969e-08
1281,latent512_k4_ablate_z290,1,z290,1.0732849204941886e-06,0.0,0,10,1.704600975926951e-07
3240,latent512_k4_ablate_z290,1,z290,9.39904907681921e-07,0.0,0,10,1.133457061541776e-07
3884,latent512_k4_ablate_z290,1,z290,6.625406285820645e-07,0.0,0,10,9.761625285875652e-09
478,latent512_k4_ablate_z290,1,z290,5.51492121303454e-07,0.0,0,10,1.4401921433204734e-08
4233,latent512_k4_ablate_z290,1,z290,5.370800499804318e-05,0.0,0,10,2.2450143660535105e-05
3577,latent512_k4_ablate_z290,1,z290,8.839906513458118e-07,0.0,0,10,5.883701970077482e-09
3869,latent512_k4_ablate_z290,1,z290,7.130231551855104e-07,0.0,0,10,7.964661108417204e-08
2686,latent512_k4_ablate_z290,1,z290,3.009267004472349e-07,0.0,0,10,1.5286788723756217e-08
1540,latent512_k4_ablate_z290,1,z290,1.5862581221881555e-06,0.0,0,10,1.0373695147336548e-07
987,latent512_k4_ablate_z290,1,z290,4.651377309983218e-07,0.0,0,10,2.1094329838433623e-08
3494,latent512_k4_ablate_z290,1,z290,7.324930493268766e-07,0.0,0,10,5.042645057073969e-08
182,latent512_k4_ablate_z290,1,z290,1.3965762946099858e-07,0.0,0,10,6.472260505319127e-09
2743,latent512_k4_ablate_z290,1,z290,3.108602868451271e-07,0.0,0,10,1.4745422660666918e-08
1532,latent512_k4_ablate_z290,1,z290,1.7501339470982202e-06,0.0,0,10,5.628627874898484e-08
4631,latent512_k4_ablate_z290,1,z290,1.2526616046670824e-05,0.0,0,10,1.2834219660362578e-06
1383,latent512_k4_ablate_z290,1,z290,1.0149153695238056e-06,0.0,0,10,5.8158917681794264e-08
2632,latent512_k4_ablate_z290,1,z290,6.415999109776749e-08,0.0,0,10,2.1858055365697737e-09
4558,latent512_k4_ablate_z290,1,z290,1.8598249880596995e-05,0.0,0,10,4.894122866971884e-06
2607,latent512_k4_ablate_z290,1,z290,1.8671025259209273e-07,0.0,0,10,1.8060552164911314e-08
2156,latent512_k4_ablate_z290,1,z290,1.9933932549065503e-07,0.0,0,10,1.5714157086677005e-08
4903,latent512_k4_ablate_z290,1,z290,1.587638325872831e-05,0.0,0,10,9.823605068959296e-06
4595,latent512_k4_ablate_z290,1,z290,5.607009825325804e-06,0.0,0,10,3.030090454103629e-07
577,latent512_k4_ablate_z290,1,z290,9.145780381913937e-07,0.0,0,10,4.3033230312516935e-09
4783,latent512_k4_ablate_z290,1,z290,6.8663152887893375e-06,0.0,0,10,1.3215346825745655e-06
3299,latent512_k4_ablate_z290,1,z290,5.857454539182072e-07,0.0,0,10,8.144061425241489e-09
190,latent512_k4_ablate_z290,1,z290,3.13978318899899e-07,0.0,0,10,1.9439461151904425e-09
4538,latent512_k4_ablate_z290,1,z290,1.931812585098669e-05,0.0,0,10,2.1440112050186144e-06
2545,latent512_k4_ablate_z290,1,z290,2.551699367359106e-07,0.0,0,10,1.1184500436911549e-08
4734,latent512_k4_ablate_z290,1,z290,3.5994380596093833e-05,0.0,0,10,1.1571386494324543e-05
1564,latent512_k4_ablate_z290,1,z290,7.652218982912018e-07,0.0,0,10,4.9243361388562334e-08
65,latent512_k4_ablate_z290,1,z290,8.770606427788152e-07,0.0,0,10,1.886929723582398e-08
442,latent512_k4_ablate_z290,1,z290,5.813654411213065e-07,0.0,0,10,1.677181060699695e-08
277,latent512_k4_ablate_z290,1,z290,1.1327125548632466e-06,0.0,0,10,1.0929978699891763e-08
2299,latent512_k4_ablate_z290,1,z290,2.0715026494144695e-07,0.0,0,10,1.3236943985361904e-08
721,latent512_k4_ablate_z290,1,z290,3.918258357771265e-07,0.0,0,10,1.0104249881237592e-08
1294,latent512_k4_ablate_z290,1,z290,1.4120839750830783e-06,0.0,0,10,9.925887667350253e-08
3681,latent512_k4_ablate_z290,1,z290,8.460631875095714e-07,0.0,0,10,2.7317664574866285e-08
2085,latent512_k4_ablate_z290,1,z290,2.9952801128274587e-07,0.0,0,10,1.706870733642063e-08
4360,latent512_k4_ablate_z290,1,z290,4.873876150668366e-06,0.0,0,10,2.7108544031761994e-07
1827,latent512_k4_ablate_z290,1,z290,1.2121412282795063e-06,0.0,0,10,4.567261768784192e-08
2894,latent512_k4_ablate_z290,1,z290,3.140272042401193e-07,0.0,0,10,1.5632227956530187e-08
3785,latent512_k4_ablate_z290,1,z290,9.706595847092103e-07,0.0,0,10,1.054568787850485e-08
562,latent512_k4_ablate_z290,1,z290,4.994072924091597e-07,0.0,0,10,1.2329169685187935e-08
4826,latent512_k4_ablate_z290,1,z290,5.411494385043625e-06,0.0,0,10,1.4275245519002056e-07
2635,latent512_k4_ablate_z290,1,z290,2.6410799591758405e-07,0.0,0,10,1.9006119345021943e-08
3475,latent512_k4_ablate_z290,1,z290,5.552890911530994e-07,0.0,0,10,7.860171180595898e-09
1734,latent512_k4_ablate_z290,1,z290,1.5455952961929142e-06,0.0,0,10,8.348413160774726e-08
145,latent512_k4_ablate_z290,1,z290,5.88772877563315e-07,0.0,0,10,1.1003217892380235e-08
1576,latent512_k4_ablate_z290,1,z290,6.268778065532388e-07,0.0,0,10,2.3716225427961035e-08
4042,latent512_k4_ablate_z290,1,z290,1.7843200112110935e-05,0.0,0,10,3.908613052772125e-06
4630,latent512_k4_ablate_z290,1,z290,1.0995330740115605e-05,0.0,0,10,1.5274605402737507e-06
1950,latent512_k4_ablate_z290,1,z290,5.260233706394501e-07,0.0,0,10,1.6510450961959577e-07
3750,latent512_k4_ablate_z290,1,z290,1.324933407431672e-07,0.0,0,10,5.087384291613262e-09
2318,latent512_k4_ablate_z290,1,z290,2.627740798288869e-07,0.0,0,10,1.8582344551987262e-08
1296,latent512_k4_ablate_z290,1,z290,5.067363417765591e-07,0.0,0,10,4.0860637540163225e-08
2685,latent512_k4_ablate_z290,1,z290,1.755128096192493e-07,0.0,0,10,8.653576522021922e-09
3326,latent512_k4_ablate_z290,1,z290,5.650223897646356e-07,0.0,0,10,1.069081889681911e-08
2775,latent512_k4_ablate_z290,1,z290,3.4242583524246584e-07,0.0,0,10,2.448332203641712e-08
840,latent512_k4_ablate_z290,1,z290,4.5021451455795614e-07,0.0,0,10,1.4160083772196685e-08
644,latent512_k4_ablate_z290,1,z290,6.923530690983171e-07,0.0,0,10,1.6702875527130345e-08
1117,latent512_k4_ablate_z290,1,z290,7.106656312316773e-07,0.0,0,10,1.5673043307629086e-08
2917,latent512_k4_ablate_z290,1,z290,3.0260713401730754e-07,0.0,0,10,1.6844269978832926e-08
4257,latent512_k4_ablate_z290,1,z290,4.666541826736648e-06,0.0,0,10,2.517721668482409e-06
4138,latent512_k4_ablate_z290,1,z290,6.23427695245482e-06,0.0,0,10,4.978243168807239e-07
2818,latent512_k4_ablate_z290,1,z290,2.5713634954627196e-07,0.0,0,10,1.342914934809869e-08
3847,latent512_k4_ablate_z290,1,z290,5.357093755264941e-07,0.0,0,10,2.4355415462196106e-08
149,latent512_k4_ablate_z290,1,z290,7.822623047104571e-07,0.0,0,10,1.80848793718269e-08
3589,latent512_k4_ablate_z290,1,z290,2.916517587436829e-07,0.0,0,10,6.027540244701868e-09
2157,latent512_k4_ablate_z290,1,z290,1.4930009228919516e-07,0.0,0,10,9.815442680860542e-09
4977,latent512_k4_ablate_z290,1,z290,2.479461909388192e-05,0.0,0,10,3.1767551718075993e-06
2778,latent512_k4_ablate_z290,1,z290,2.3690161299327883e-07,0.0,0,10,1.4241673618187178e-08
118,latent512_k4_ablate_z290,1,z290,4.567171458802477e-07,0.0,0,10,7.916773903104968e-09
732,latent512_k4_ablate_z290,1,z290,6.257047857616271e-07,0.0,0,10,1.1496835483626455e-08
4366,latent512_k4_ablate_z290,1,z290,3.4038857847917825e-06,0.0,0,10,7.90067105072012e-08
1623,latent512_k4_ablate_z290,1,z290,1.399612528985017e-06,0.0,0,10,9.995439853582866e-08
1737,latent512_k4_ablate_z290,1,z290,5.891819228054374e-07,0.0,0,10,1.233421897950393e-08
2645,latent512_k4_ablate_z290,1,z290,2.2493682649837865e-07,0.0,0,10,1.3500430995350143e-08
503,latent512_k4_ablate_z290,1,z290,5.043827968620462e-07,0.0,0,10,1.3541949783757445e-08
2827,latent512_k4_ablate_z290,1,z290,8.103370419121347e-08,0.0,0,10,9.761050856482711e-10
2102,latent512_k4_ablate_z290,1,z290,6.079446279727563e-08,0.0,0,10,5.869226771260116e-10
3472,latent512_k4_ablate_z290,1,z290,4.525169003954943e-07,0.0,0,10,8.575871568439197e-09
3991,latent512_k4_ablate_z290,1,z290,7.81094797730475e-07,0.0,0,10,1.62616995424969e-08
1578,latent512_k4_ablate_z290,1,z290,9.641537417337531e-07,0.0,0,10,1.635153665802136e-07
1393,latent512_k4_ablate_z290,1,z290,2.801797791107674e-06,0.0,0,10,9.083028089662548e-07
1394,latent512_k4_ablate_z290,1,z290,1.2843455579059082e-06,0.0,0,10,2.595158434814948e-07
1371,latent512_k4_ablate_z290,1,z290,2.699256128835259e-06,0.0,0,10,2.4284912569783046e-07
81,latent512_k4_ablate_z290,1,z290,1.5930763765936717e-06,0.0,0,10,2.0208526407827776e-08
3601,latent512_k4_ablate_z290,1,z290,1.1260242445132462e-06,0.0,0,10,4.511079509939009e-08
5,latent512_k4_ablate_z290,1,z290,5.546552301893826e-07,0.0,0,10,2.504814844428438e-08
4263,latent512_k4_ablate_z290,1,z290,2.4783632397884503e-05,0.0,0,10,3.051097110073897e-06
830,latent512_k4_ablate_z290,1,z290,4.952170229444164e-07,0.0,0,10,1.9271046980406936e-08
4729,latent512_k4_ablate_z290,1,z290,1.610618164704647e-05,0.0,0,10,2.053817524938495e-06
2500,latent512_k4_ablate_z290,1,z290,3.631575395957043e-07,0.0,0,10,1.501195256992105e-08
2314,latent512_k4_ablate_z290,1,z290,2.571756567704142e-07,0.0,0,10,1.1563416002502436e-08
1746,latent512_k4_ablate_z290,1,z290,1.4258401961342315e-06,0.0,0,10,9.192913807964942e-08
4608,latent512_k4_ablate_z290,1,z290,4.729104603029555e-06,0.0,0,10,6.90925389790209e-07
325,latent512_k4_ablate_z290,1,z290,7.460636766154494e-07,0.0,0,10,6.685024978025922e-09
3447,latent512_k4_ablate_z290,1,z290,2.7710584049600584e-07,0.0,0,10,9.038656045845528e-09
482,latent512_k4_ablate_z290,1,z290,4.351365987531608e-07,0.0,0,10,7.486851139049122e-09
2170,latent512_k4_ablate_z290,1,z290,1.9855539790114562e-07,0.0,0,10,1.6272551306428795e-08
3502,latent512_k4_ablate_z290,1,z290,7.892816711319028e-07,0.0,0,10,1.2422177064763673e-08
2512,latent512_k4_ablate_z290,1,z290,2.1330815513920243e-07,0.0,0,10,1.3624455341698649e-08
4109,latent512_k4_ablate_z290,1,z290,1.247056934516877e-05,0.0,0,10,1.2771766932928585e-06
805,latent512_k4_ablate_z290,1,z290,2.8418517672434973e-07,0.0,0,10,5.114071388589991e-09
4487,latent512_k4_ablate_z290,1,z290,3.183885200996883e-05,0.0,0,10,6.095038770581596e-06
4155,latent512_k4_ablate_z290,1,z290,3.5092452890239656e-05,0.0,0,10,8.736669769859873e-06
4154,latent512_k4_ablate_z290,1,z290,9.63466300163418e-05,0.0,0,10,4.111252110305941e-06
1028,latent512_k4_ablate_z290,1,z290,1.0596928632367053e-06,0.0,0,10,1.1580835845848014e-08
4133,latent512_k4_ablate_z290,1,z290,1.060003341990523e-05,0.0,0,10,2.6091297513630707e-06
3129,latent512_k4_ablate_z290,1,z290,4.3813111005874816e-07,0.0,0,10,9.686476509784825e-09
440,latent512_k4_ablate_z290,1,z290,5.180326070330921e-07,0.0,0,10,2.1903550084800827e-09
4795,latent512_k4_ablate_z290,1,z290,2.2560538127436303e-05,0.0,0,10,1.6912802038859809e-06
801,latent512_k4_ablate_z290,1,z290,5.868079142601346e-07,0.0,0,10,1.3689630762314664e-08
1287,latent512_k4_ablate_z290,1,z290,2.761218240721064e-07,0.0,0,10,1.305957209041253e-08
4719,latent512_k4_ablate_z290,1,z290,3.6447916500037536e-05,0.0,0,10,5.252021765045356e-06
1621,latent512_k4_ablate_z290,1,z290,6.266199079618673e-07,0.0,0,10,1.5133990061144686e-08
159,latent512_k4_ablate_z290,1,z290,6.252015509744524e-07,0.0,0,10,1.2626339973564882e-08
160,latent512_k4_ablate_z290,1,z290,1.6906002997529868e-07,0.0,0,10,4.501823802627314e-09
4586,latent512_k4_ablate_z290,1,z290,3.0959439754951745e-05,0.0,0,10,6.823499461461324e-06
3487,latent512_k4_ablate_z290,1,z290,3.35651122895797e-07,0.0,0,10,4.658117447320365e-09
714,latent512_k4_ablate_z290,1,z290,3.534008214955975e-07,0.0,0,10,2.219581674012261e-08
1233,latent512_k4_ablate_z290,1,z290,9.977393347071484e-07,0.0,0,10,1.1082621398372794e-07
1753,latent512_k4_ablate_z290,1,z290,2.1948153516859747e-06,0.0,0,10,3.882249899334056e-08
2237,latent512_k4_ablate_z290,1,z290,3.346415269334102e-07,0.0,0,10,1.2455902087538107e-08
4493,latent512_k4_ablate_z290,1,z290,3.8260864130279515e-06,0.0,0,10,8.46116350317061e-08
667,latent512_k4_ablate_z290,1,z290,1.00755619314441e-06,0.0,0,10,2.2937021171287597e-08
1897,latent512_k4_ablate_z290,1,z290,1.1406739304220537e-06,0.0,0,10,1.012609658346264e-07
3011,latent512_k4_ablate_z290,1,z290,5.801483098366589e-07,0.0,0,10,5.285158977130777e-08
836,latent512_k4_ablate_z290,1,z290,3.6026585803483613e-07,0.0,0,10,1.5194856928246736e-08
4737,latent512_k4_ablate_z290,1,z290,1.7835573089541867e-05,0.0,0,10,6.325672984530684e-06
2226,latent512_k4_ablate_z290,1,z290,2.6690995014178043e-07,0.0,0,10,1.684106010202413e-08
3651,latent512_k4_ablate_z290,1,z290,3.8524098044945276e-07,0.0,0,10,1.3356684647192196e-08
2377,latent512_k4_ablate_z290,1,z290,2.4143224663930596e-07,0.0,0,10,1.7919472128369307e-08
555,latent512_k4_ablate_z290,1,z290,1.5051432455948088e-07,0.0,0,10,1.1012954992395407e-08
2863,latent512_k4_ablate_z290,1,z290,2.1759873902738036e-07,0.0,0,10,1.3718944202878447e-08
1499,latent512_k4_ablate_z290,1,z290,1.1871804872498615e-06,0.0,0,10,2.7598229479508518e-08
1041,latent512_k4_ablate_z290,1,z290,1.176334080810193e-06,0.0,0,10,8.405633877828222e-08
351,latent512_k4_ablate_z290,1,z290,7.256106755448855e-07,0.0,0,10,1.882750311210657e-08
3349,latent512_k4_ablate_z290,1,z290,4.980346375305089e-07,0.0,0,10,4.324252245169191e-08
3254,latent512_k4_ablate_z290,1,z290,5.723281333303021e-07,0.0,0,10,2.175920776892326e-08
2137,latent512_k4_ablate_z290,1,z290,3.546707887380762e-07,0.0,0,10,1.8072691787551776e-08
1381,latent512_k4_ablate_z290,1,z290,1.5041089227452176e-06,0.0,0,10,1.23328632639641e-07
3926,latent512_k4_ablate_z290,1,z290,7.75664943830634e-07,0.0,0,10,1.1949143008394003e-08
2762,latent512_k4_ablate_z290,1,z290,9.090184960314218e-08,0.0,0,10,2.005431820606418e-09
3732,latent512_k4_ablate_z290,1,z290,1.0597998425510013e-06,0.0,0,10,1.9768497949712582e-08
1240,latent512_k4_ablate_z290,1,z290,1.6521540828762227e-06,0.0,0,10,9.804207223851336e-08
989,latent512_k4_ablate_z290,1,z290,1.2146176686655963e-06,0.0,0,10,2.0367647124430732e-08
3330,latent512_k4_ablate_z290,1,z290,5.227780661698489e-07,0.0,0,10,4.913908924208954e-08
4857,latent512_k4_ablate_z290,1,z290,2.1122406906215474e-05,0.0,0,10,1.2657203569688136e-06
3166,latent512_k4_ablate_z290,1,z290,7.134610200409952e-07,0.0,0,10,1.195178622737103e-08
205,latent512_k4_ablate_z290,1,z290,9.009671657622675e-07,0.0,0,10,3.750878274644265e-09
4410,latent512_k4_ablate_z290,1,z290,4.266428732080385e-06,0.0,0,10,2.1207134182077425e-07
1351,latent512_k4_ablate_z290,1,z290,8.158816058312368e-07,0.0,0,10,3.34397860513036e-08
2459,latent512_k4_ablate_z290,1,z290,1.7886347336570907e-07,0.0,0,10,1.1151337631076785e-08
2903,latent512_k4_ablate_z290,1,z290,3.700167212628003e-07,0.0,0,10,2.237260687820708e-08
2248,latent512_k4_ablate_z290,1,z290,2.057562369373045e-07,0.0,0,10,8.608575186030976e-09
4251,latent512_k4_ablate_z290,1,z290,1.718848398013506e-05,0.0,0,10,2.998436684720218e-06
2499,latent512_k4_ablate_z290,1,z290,1.6436938210517837e-07,0.0,0,10,6.190768342406727e-09
1526,latent512_k4_ablate_z290,1,z290,8.439293992523744e-07,0.0,0,10,1.4276895221598807e-08
3354,latent512_k4_ablate_z290,1,z290,5.537870038097026e-07,0.0,0,10,1.075906119751835e-08
746,latent512_k4_ablate_z290,1,z290,3.832311108453723e-07,0.0,0,10,5.513372425269836e-09
2846,latent512_k4_ablate_z290,1,z290,1.0648388837353195e-07,0.0,0,10,2.9078031094087464e-09
4390,latent512_k4_ablate_z290,1,z290,3.062342875637114e-05,0.0,0,10,3.72328249795828e-05
4435,latent512_k4_ablate_z290,1,z290,1.4441247913055122e-05,0.0,0,10,6.252470484469086e-06
2106,latent512_k4_ablate_z290,1,z290,2.2644857722298184e-07,0.0,0,10,1.4906589740348863e-08
4026,latent512_k4_ablate_z290,1,z290,4.376458491606172e-06,0.0,0,10,2.8375481520015455e-07
1137,latent512_k4_ablate_z290,1,z290,1.3276201116241282e-06,0.0,0,10,2.024707690395644e-08
188,latent512_k4_ablate_z290,1,z290,6.408247941180889e-07,0.0,0,10,1.603813437611734e-08
1182,latent512_k4_ablate_z290,1,z290,8.307359280479432e-07,0.0,0,10,3.101742862554602e-08
3221,latent512_k4_ablate_z290,1,z290,5.80493349389144e-07,0.0,0,10,1.00439265793284e-08
2798,latent512_k4_ablate_z290,1,z290,2.1211955925082293e-07,0.0,0,10,8.156241904089256e-09
1252,latent512_k4_ablate_z290,1,z290,8.617024036539078e-07,0.0,0,10,1.5527650276681015e-08
4900,latent512_k4_ablate_z290,1,z290,1.0044225746241864e-05,0.0,0,10,1.276142484130105e-06
2213,latent512_k4_ablate_z290,1,z290,2.9213833130370404e-08,0.0,0,10,1.3193721670745617e-09
3799,latent512_k4_ablate_z290,1,z290,5.960814632999245e-07,0.0,0,10,5.811042314007864e-08
3484,latent512_k4_ablate_z290,1,z290,7.528299761361268e-07,0.0,0,10,1.842623476022709e-08
345,latent512_k4_ablate_z290,1,z290,6.445523013098864e-07,0.0,0,10,1.0062429112167592e-08
998,latent512_k4_ablate_z290,1,z290,4.5759870204165054e-07,0.0,0,10,1.1418025636089624e-08
1824,latent512_k4_ablate_z290,1,z290,1.785873564585927e-06,0.0,0,10,2.74115393494867e-07
1970,latent512_k4_ablate_z290,1,z290,4.885262114839861e-07,0.0,0,10,2.7835250548946533e-08
3525,latent512_k4_ablate_z290,1,z290,6.568457706634945e-07,0.0,0,10,6.650314965384041e-09
2407,latent512_k4_ablate_z290,1,z290,1.524058177437837e-07,0.0,0,10,8.390909300715066e-09
432,latent512_k4_ablate_z290,1,z290,6.814522066633799e-07,0.0,0,10,1.0174252551564678e-08
2623,latent512_k4_ablate_z290,1,z290,2.4579824753345747e-07,0.0,0,10,9.981427240290941e-09
781,latent512_k4_ablate_z290,1,z290,1.9226493463975203e-07,0.0,0,10,6.319729184411926e-09
4757,latent512_k4_ablate_z290,1,z290,8.146785148710478e-06,0.0,0,10,5.613674147753045e-07
1259,latent512_k4_ablate_z290,1,z290,7.844571996429295e-07,0.0,0,10,8.463010914283586e-08
4787,latent512_k4_ablate_z290,1,z290,1.9219623936805874e-05,0.0,0,10,3.195854787918506e-06
1679,latent512_k4_ablate_z290,1,z290,5.561455509450752e-07,0.0,0,10,8.010808016933879e-09
4054,latent512_k4_ablate_z290,1,z290,1.944490577443503e-06,0.0,0,10,1.7015244679896568e-07
85,latent512_k4_ablate_z290,1,z290,7.950646363497071e-07,0.0,0,10,1.6733679331082385e-08
749,latent512_k4_ablate_z290,1,z290,4.0440554016640817e-07,0.0,0,10,8.820581598456556e-09
1900,latent512_k4_ablate_z290,1,z290,2.462817519699456e-06,0.0,0,10,1.9808783235930605e-07
4584,latent512_k4_ablate_z290,1,z290,1.8486669432604685e-05,0.0,0,10,3.4895952012448106e-06
1379,latent512_k4_ablate_z290,1,z290,7.274153404068784e-07,0.0,0,10,4.782596718655441e-08
4159,latent512_k4_ablate_z290,1,z290,5.906970272917533e-06,0.0,0,10,4.7682488002465107e-07
887,latent512_k4_ablate_z290,1,z290,3.6996257790633535e-07,0.0,0,10,1.802004234718879e-08
1349,latent512_k4_ablate_z290,1,z290,1.1105978501291247e-06,0.0,0,10,2.475839266935509e-07
2080,latent512_k4_ablate_z290,1,z290,1.4964271599637868e-07,0.0,0,10,4.189928848319369e-09
515,latent512_k4_ablate_z290,1,z290,9.146884849542403e-07,0.0,0,10,1.7876354618806545e-08
1377,latent512_k4_ablate_z290,1,z290,2.017310180235654e-06,0.0,0,10,1.8140875113203947e-07
2255,latent512_k4_ablate_z290,1,z290,2.407909391877183e-07,0.0,0,10,1.8520115219189393e-08
2218,latent512_k4_ablate_z290,1,z290,1.288585451675317e-07,0.0,0,10,1.1011136891170281e-08
105,latent512_k4_ablate_z290,1,z290,6.032577744008449e-07,0.0,0,10,1.7563531073960803e-08
962,latent512_k4_ablate_z290,1,z290,5.937971536695841e-07,0.0,0,10,5.688021165184409e-09
3057,latent512_k4_ablate_z290,1,z290,6.212893026713573e-07,0.0,0,10,4.359710814583195e-09
2937,latent512_k4_ablate_z290,1,z290,1.9681780827340845e-07,0.0,0,10,8.990641120476539e-09
1058,latent512_k4_ablate_z290,1,z290,1.1121567240479635e-06,0.0,0,10,3.799140699811687e-07
2236,latent512_k4_ablate_z290,1,z290,2.5548033022460004e-07,0.0,0,10,2.0204915074373275e-08
3067,latent512_k4_ablate_z290,1,z290,1.4418862974707736e-06,0.0,0,10,3.707936713226445e-08
3122,latent512_k4_ablate_z290,1,z290,4.172344176822662e-07,0.0,0,10,7.714635152922256e-09
2452,latent512_k4_ablate_z290,1,z290,3.1105005859899393e-07,0.0,0,10,1.8354651132312938e-08
4088,latent512_k4_ablate_z290,1,z290,2.1260941139189526e-05,0.0,0,10,3.462313088675728e-06
3339,latent512_k4_ablate_z290,1,z290,5.71156931528094e-07,0.0,0,10,1.6015938797409035e-08
4639,latent512_k4_ablate_z290,1,z290,8.570034879085142e-06,0.0,0,10,1.7065310657926602e-06
2706,latent512_k4_ablate_z290,1,z290,3.033587461231946e-07,0.0,0,10,1.351030398666353e-08
3282,latent512_k4_ablate_z290,1,z290,1.2228890682308702e-06,0.0,0,10,6.988470602209418e-08
1181,latent512_k4_ablate_z290,1,z290,5.385277859204507e-07,0.0,0,10,3.122424985235739e-08
4770,latent512_k4_ablate_z290,1,z290,4.091169103048742e-06,0.0,0,10,1.3922242203534552e-07
4935,latent512_k4_ablate_z290,1,z290,8.120940037770197e-06,0.0,0,10,3.4248941460646165e-07
3003,latent512_k4_ablate_z290,1,z290,2.7064140795118874e-07,0.0,0,10,1.1626705820333427e-08
1810,latent512_k4_ablate_z290,1,z290,1.6303208667522995e-06,0.0,0,10,5.306661776671717e-08
2290,latent512_k4_ablate_z290,1,z290,2.1090450275096373e-07,0.0,0,10,1.229790846934975e-08
2453,latent512_k4_ablate_z290,1,z290,1.806024272354989e-07,0.0,0,10,2.0941405054486495e-08
1007,latent512_k4_ablate_z290,1,z290,1.4362617548613343e-06,0.0,0,10,2.184976892749546e-07
1802,latent512_k4_ablate_z290,1,z290,1.826038669605623e-06,0.0,0,10,1.3155295164324343e-07
1836,latent512_k4_ablate_z290,1,z290,1.225191567755246e-06,0.0,0,10,9.432657321895022e-08
3713,latent512_k4_ablate_z290,1,z290,8.929702062232536e-07,0.0,0,10,1.5670869402129028e-07
287,latent512_k4_ablate_z290,1,z290,4.3157888285350055e-07,0.0,0,10,4.552460630691257e-09
4652,latent512_k4_ablate_z290,1,z290,2.518893961678259e-05,0.0,0,10,2.346762585148099e-06
2715,latent512_k4_ablate_z290,1,z290,2.8493144554886385e-07,0.0,0,10,2.172103208408771e-08
2491,latent512_k4_ablate_z290,1,z290,2.04488102895084e-07,0.0,0,10,8.002160711839679e-09
2294,latent512_k4_ablate_z290,1,z290,2.481803562659479e-07,0.0,0,10,1.3416823207990092e-08
1901,latent512_k4_ablate_z290,1,z290,1.6122191937029129e-06,0.0,0,10,2.1382027171057416e-07
1081,latent512_k4_ablate_z290,1,z290,1.1738020475604571e-06,0.0,0,10,7.025137449545582e-08
294,latent512_k4_ablate_z290,1,z290,1.0795074558700435e-06,0.0,0,10,1.4028577410840626e-08
4979,latent512_k4_ablate_z290,1,z290,2.381037120358087e-06,0.0,0,10,4.1167632502947527e-07
1616,latent512_k4_ablate_z290,1,z290,1.4563078138962737e-06,0.0,0,10,4.278673202406935e-07
2189,latent512_k4_ablate_z290,1,z290,2.2592344350869098e-07,0.0,0,10,8.931976047676926e-09
1524,latent512_k4_ablate_z290,1,z290,1.4578643003915204e-06,0.0,0,10,1.3639498774864478e-07
4524,latent512_k4_ablate_z290,1,z290,1.4122109860181808e-05,0.0,0,10,1.2456628155632643e-06
886,latent512_k4_ablate_z290,1,z290,5.325879897100094e-07,0.0,0,10,1.5363752936536912e-08
438,latent512_k4_ablate_z290,1,z290,8.711073178346851e-07,0.0,0,10,1.2258007942023141e-08
2817,latent512_k4_ablate_z290,1,z290,3.67741137097255e-07,0.0,0,10,1.567265073276758e-08
227,latent512_k4_ablate_z290,1,z290,1.987403720704606e-06,0.0,0,10,3.18358317485945e-08
1549,latent512_k4_ablate_z290,1,z290,5.56157488063036e-07,0.0,0,10,1.0042667142329265e-08
2421,latent512_k4_ablate_z290,1,z290,1.748567513004673e-07,0.0,0,10,1.0835280228604915e-08
3284,latent512_k4_ablate_z290,1,z290,5.872042265764321e-07,0.0,0,10,2.6439243683284985e-08
1569,latent512_k4_ablate_z290,1,z290,1.8731534510152414e-06,0.0,0,10,2.050872183190222e-08
2263,latent512_k4_ablate_z290,1,z290,2.2680774236505385e-07,0.0,0,10,2.5778840395673797e-08
3649,latent512_k4_ablate_z290,1,z290,5.379458798415726e-07,0.0,0,10,1.2513444502815219e-08
414,latent512_k4_ablate_z290,1,z290,6.666817284894933e-07,0.0,0,10,1.3234751072843665e-08
52,latent512_k4_ablate_z290,1,z290,8.759333240959677e-07,0.0,0,10,2.5701902828245693e-08
2359,latent512_k4_ablate_z290,1,z290,2.998834531808825e-07,0.0,0,10,1.2904746604647244e-08
3161,latent512_k4_ablate_z290,1,z290,3.3007816568897397e-07,0.0,0,10,1.2946918204193025e-08
2513,latent512_k4_ablate_z290,1,z290,1.7454134138006339e-07,0.0,0,10,1.041216801667133e-08
2966,latent512_k4_ablate_z290,1,z290,2.060760380118154e-07,0.0,0,10,1.5609021630780262e-08
4554,latent512_k4_ablate_z290,1,z290,1.3298549674800597e-05,0.0,0,10,2.6549939775577514e-06
1997,latent512_k4_ablate_z290,1,z290,2.0954937554051867e-06,0.0,0,10,1.1825484591554414e-07
1942,latent512_k4_ablate_z290,1,z290,1.0555409062362742e-06,0.0,0,10,1.3323183445379527e-08
4064,latent512_k4_ablate_z290,1,z290,4.5472705096472055e-05,0.0,0,10,1.0378722436144017e-05
2132,latent512_k4_ablate_z290,1,z290,2.644999881340482e-07,0.0,0,10,1.8397347645304762e-08
3085,latent512_k4_ablate_z290,1,z290,4.831700834984076e-07,0.0,0,10,1.3242636320853762e-08
1253,latent512_k4_ablate_z290,1,z290,2.3647025955142453e-06,0.0,0,10,3.5459555647321395e-07
3027,latent512_k4_ablate_z290,1,z290,6.349338832478679e-07,0.0,0,10,3.568902684492059e-08
3216,latent512_k4_ablate_z290,1,z290,4.1249126070397324e-07,0.0,0,10,1.5598786262671638e-08
4150,latent512_k4_ablate_z290,1,z290,9.411401151737664e-06,0.0,0,10,3.4338463592575863e-06
3056,latent512_k4_ablate_z290,1,z290,5.140373104950413e-07,0.0,0,10,3.130161729814063e-08
3949,latent512_k4_ablate_z290,1,z290,7.204474172795017e-07,0.0,0,10,1.2049521380674832e-08
1513,latent512_k4_ablate_z290,1,z290,1.0292135357303778e-06,0.0,0,10,1.6010420722523122e-07
1042,latent512_k4_ablate_z290,1,z290,8.076290214376058e-07,0.0,0,10,3.29822147371317e-09
2361,latent512_k4_ablate_z290,1,z290,1.428411167125887e-07,0.0,0,10,1.1355633766640949e-08
3772,latent512_k4_ablate_z290,1,z290,4.883193014393328e-07,0.0,0,10,1.9239339010823642e-08
3792,latent512_k4_ablate_z290,1,z290,6.253045512494282e-07,0.0,0,10,5.88240478549551e-09
1584,latent512_k4_ablate_z290,1,z290,1.7957112277144915e-06,0.0,0,10,1.3293308143147442e-07
1885,latent512_k4_ablate_z290,1,z290,1.5506730051129125e-06,0.0,0,10,1.9602876477620157e-07
4454,latent512_k4_ablate_z290,1,z290,4.370181613921886e-06,0.0,0,10,4.3335361965546326e-07
642,latent512_k4_ablate_z290,1,z290,1.1503910855026334e-06,0.0,0,10,1.762677825922765e-08
4451,latent512_k4_ablate_z290,1,z290,0.00012135162251070142,0.0,0,10,7.541546801803634e-05
1114,latent512_k4_ablate_z290,1,z290,1.328386701970885e-06,0.0,0,10,1.0350957779792225e-07
3009,latent512_k4_ablate_z290,1,z290,2.3337062771133787e-07,0.0,0,10,9.450087645745953e-08
4391,latent512_k4_ablate_z290,1,z290,1.0353276593377814e-05,0.0,0,10,2.2889607862452976e-06
95,latent512_k4_ablate_z290,1,z290,1.097150970963412e-06,0.0,0,10,1.5290112287402735e-08
4552,latent512_k4_ablate_z290,1,z290,2.5696746888570487e-05,0.0,0,10,3.5690941331267823e-06
2121,latent512_k4_ablate_z290,1,z290,1.489694056999724e-07,0.0,0,10,1.4836087913749907e-08
1448,latent512_k4_ablate_z290,1,z290,1.4834670309937792e-06,0.0,0,10,5.3358910179213126e-08
2165,latent512_k4_ablate_z290,1,z290,1.8563953574357583e-07,0.0,0,10,1.0333631728087767e-08
4347,latent512_k4_ablate_z290,1,z290,8.724230610823724e-06,0.0,0,10,3.9321957956417464e-07
2572,latent512_k4_ablate_z290,1,z290,2.38953361986205e-07,0.0,0,10,1.0262463767674035e-08
2440,latent512_k4_ablate_z290,1,z290,1.9701494125001773e-07,0.0,0,10,9.900863240375202e-09
3096,latent512_k4_ablate_z290,1,z290,7.207255521279876e-07,0.0,0,10,1.2038830377036902e-08
1420,latent512_k4_ablate_z290,1,z290,1.0348279602112598e-06,0.0,0,10,1.45418228569838e-08
2035,latent512_k4_ablate_z290,1,z290,1.5888961968357762e-07,0.0,0,10,1.7967929366591306e-08
794,latent512_k4_ablate_z290,1,z290,2.4264105036309047e-07,0.0,0,10,1.3510890184420532e-08
3281,latent512_k4_ablate_z290,1,z290,7.034038276287902e-07,0.0,0,10,1.5325587909842397e-08
183,latent512_k4_ablate_z290,1,z290,1.2791917924914742e-06,0.0,0,10,2.1268503402893657e-08
401,latent512_k4_ablate_z290,1,z290,5.646227236866252e-07,0.0,0,10,1.052682385704884e-08
2836,latent512_k4_ablate_z290,1,z290,3.2149472417586367e-07,0.0,0,10,1.9610483903420572e-08
2476,latent512_k4_ablate_z290,1,z290,2.5509930878797604e-07,0.0,0,10,2.400025245208326e-08
1661,latent512_k4_ablate_z290,1,z290,1.1954582532780478e-06,0.0,0,10,3.7092000582106266e-08
1658,latent512_k4_ablate_z290,1,z290,8.689430615049787e-07,0.0,0,10,2.264444454169734e-08
1545,latent512_k4_ablate_z290,1,z290,1.7780982943804702e-06,0.0,0,10,2.2312072189833998e-07
1815,latent512_k4_ablate_z290,1,z290,6.912925982760498e-07,0.0,0,10,4.931350261472289e-08
3135,latent512_k4_ablate_z290,1,z290,4.175972208031453e-07,0.0,0,10,1.0394638927380129e-08
279,latent512_k4_ablate_z290,1,z290,8.480239443997561e-07,0.0,0,10,2.064378534782918e-08
4700,latent512_k4_ablate_z290,1,z290,4.27457234764006e-06,0.0,0,10,2.3829083772852755e-07
4137,latent512_k4_ablate_z290,1,z290,6.140845471236389e-06,0.0,0,10,1.0831062127181212e-06
1146,latent512_k4_ablate_z290,1,z290,1.6298997707053786e-06,0.0,0,10,5.60967308160798e-08
3390,latent512_k4_ablate_z290,1,z290,1.977850132561798e-07,0.0,0,10,2.866299864123789e-09
4445,latent512_k4_ablate_z290,1,z290,5.7899983403331134e-06,0.0,0,10,2.4617538656457327e-06
4924,latent512_k4_ablate_z290,1,z290,1.343688381894026e-05,0.0,0,10,9.422411494597327e-06
314,latent512_k4_ablate_z290,1,z290,6.753318189112179e-07,0.0,0,10,1.3230608608694183e-08
1214,latent512_k4_ablate_z290,1,z290,7.545378934992186e-07,0.0,0,10,1.3072049220852477e-08
4862,latent512_k4_ablate_z290,1,z290,1.42189583129948e-05,0.0,0,10,4.4718211711369804e-07
4699,latent512_k4_ablate_z290,1,z290,1.541795427328907e-05,0.0,0,10,1.654186462474172e-06
333,latent512_k4_ablate_z290,1,z290,3.9297933085435943e-07,0.0,0,10,9.013094270926558e-09
2420,latent512_k4_ablate_z290,1,z290,2.460733981024532e-07,0.0,0,10,1.1732510962758624e-08
3249,latent512_k4_ablate_z290,1,z290,2.112094108497331e-07,0.0,0,10,5.101824740449956e-09
2229,latent512_k4_ablate_z290,1,z290,2.2324829274111835e-07,0.0,0,10,6.961573539854271e-09
1941,latent512_k4_ablate_z290,1,z290,1.039963308357983e-06,0.0,0,10,4.572149592263486e-08
1756,latent512_k4_ablate_z290,1,z290,1.5841593494769768e-06,0.0,0,10,6.488446757657584e-08
58,latent512_k4_ablate_z290,1,z290,2.0790866983588785e-07,0.0,0,10,8.235216952812152e-10
301,latent512_k4_ablate_z290,1,z290,4.811205371879623e-07,0.0,0,10,1.5542733766693573e-09
2535,latent512_k4_ablate_z290,1,z290,1.0102454695015695e-07,0.0,0,10,2.024983292159277e-09
4080,latent512_k4_ablate_z290,1,z290,3.3368662570865126e-06,0.0,0,10,1.314459723289474e-06
4621,latent512_k4_ablate_z290,1,z290,1.2227576007717289e-05,0.0,0,10,5.39389657205902e-06
3186,latent512_k4_ablate_z290,1,z290,4.517009131177474e-07,0.0,0,10,6.487250292508406e-09
1573,latent512_k4_ablate_z290,1,z290,1.4120332707534544e-06,0.0,0,10,8.605017143281657e-08
576,latent512_k4_ablate_z290,1,z290,2.522716044950357e-07,0.0,0,10,1.5028080113665965e-08
1649,latent512_k4_ablate_z290,1,z290,1.1639637023108662e-06,0.0,0,10,7.305298765913903e-08
978,latent512_k4_ablate_z290,1,z290,3.888475532676239e-07,0.0,0,10,7.169553839503351e-09
4258,latent512_k4_ablate_z290,1,z290,2.3404321837006137e-05,0.0,0,10,1.3948539390185033e-06
718,latent512_k4_ablate_z290,1,z290,7.618670565534558e-07,0.0,0,10,2.098019358243164e-08
3687,latent512_k4_ablate_z290,1,z290,8.998212024380337e-07,0.0,0,10,1.4928147606951825e-07
1515,latent512_k4_ablate_z290,1,z290,9.982232995753293e-07,0.0,0,10,7.642817223540987e-08
93,latent512_k4_ablate_z290,1,z290,1.6601841252850136e-06,0.0,0,10,1.5984742418595488e-08
1952,latent512_k4_ablate_z290,1,z290,8.044387982408807e-07,0.0,0,10,1.6152608850461547e-07
4831,latent512_k4_ablate_z290,1,z290,6.490858595498139e-06,0.0,0,10,1.4275119610829279e-06
4506,latent512_k4_ablate_z290,1,z290,5.557881195272785e-06,0.0,0,10,9.206274853568175e-07
4888,latent512_k4_ablate_z290,1,z290,5.5997010349528864e-05,0.0,0,10,3.1302399293053895e-05
675,latent512_k4_ablate_z290,1,z290,1.481905883338186e-06,0.0,0,10,2.2816067257735995e-08
620,latent512_k4_ablate_z290,1,z290,1.2473570905058295e-06,0.0,0,10,1.8103147425563293e-08
459,latent512_k4_ablate_z290,1,z290,4.4755455519407406e-07,0.0,0,10,1.1897695273432873e-08
1046,latent512_k4_ablate_z290,1,z290,1.3591746892416268e-06,0.0,0,10,4.7286820858971623e-07
4785,latent512_k4_ablate_z290,1,z290,6.511364972539013e-06,0.0,0,10,2.645417680469109e-07
3537,latent512_k4_ablate_z290,1,z290,7.104466135388066e-07,0.0,0,10,1.4910487067254508e-08
901,latent512_k4_ablate_z290,1,z290,4.238016515500931e-07,0.0,0,10,1.0571286956917447e-08
1861,latent512_k4_ablate_z290,1,z290,1.5417559779962176e-06,0.0,0,10,1.9321873878652696e-07
1967,latent512_k4_ablate_z290,1,z290,1.445755515305791e-06,0.0,0,10,1.9194087030882656e-07
3721,latent512_k4_ablate_z290,1,z290,1.1822783108073054e-06,0.0,0,10,1.1787102849325493e-08
669,latent512_k4_ablate_z290,1,z290,7.12658618340356e-07,0.0,0,10,1.0703284480939601e-08
2700,latent512_k4_ablate_z290,1,z290,2.549449504840595e-07,0.0,0,10,8.420094843586412e-09
861,latent512_k4_ablate_z290,1,z290,4.522040342180844e-07,0.0,0,10,7.011563774028673e-09
1669,latent512_k4_ablate_z290,1,z290,1.540199832561484e-06,0.0,0,10,8.178513155598921e-08
948,latent512_k4_ablate_z290,1,z290,5.453245535136375e-07,0.0,0,10,4.398195585508802e-09
2423,latent512_k4_ablate_z290,1,z290,2.9347825147851836e-07,0.0,0,10,1.575904917672233e-08
1775,latent512_k4_ablate_z290,1,z290,2.068928779408452e-07,0.0,0,10,7.0335417490241525e-09
528,latent512_k4_ablate_z290,1,z290,9.075392881641164e-07,0.0,0,10,1.461669807412136e-08
323,latent512_k4_ablate_z290,1,z290,6.441965183512366e-07,0.0,0,10,1.9536583906187843e-08
4386,latent512_k4_ablate_z290,1,z290,6.059949555492494e-06,0.0,0,10,8.053392548390548e-07
4172,latent512_k4_ablate_z290,1,z290,1.1608832210185938e-05,0.0,0,10,1.3002338619116927e-06
1015,latent512_k4_ablate_z290,1,z290,1.4879684613333666e-06,0.0,0,10,1.0987245957494451e-07
966,latent512_k4_ablate_z290,1,z290,8.866859388945159e-07,0.0,0,10,1.4414554883046549e-08
1408,latent512_k4_ablate_z290,1,z290,1.3994400660521933e-06,0.0,0,10,7.388630507421112e-08
1173,latent512_k4_ablate_z290,1,z290,1.9814076495094923e-06,0.0,0,10,5.824676918564364e-08
838,latent512_k4_ablate_z290,1,z290,2.593026806607668e-07,0.0,0,10,5.004205938519135e-09
2869,latent512_k4_ablate_z290,1,z290,2.2196381621597538e-07,0.0,0,10,1.5498484273734903e-08
4802,latent512_k4_ablate_z290,1,z290,1.4007317076902837e-05,0.0,0,10,2.9637567422469147e-06
3909,latent512_k4_ablate_z290,1,z290,3.108088719727675e-07,0.0,0,10,1.7233215743317487e-08
584,latent512_k4_ablate_z290,1,z290,4.91221555876109e-07,0.0,0,10,2.1938436844948228e-08
2942,latent512_k4_ablate_z290,1,z290,2.2335962057695724e-07,0.0,0,10,9.449093063551572e-09
3148,latent512_k4_ablate_z290,1,z290,2.5608684950384486e-07,0.0,0,10,1.034546848188711e-08
1219,latent512_k4_ablate_z290,1,z290,1.329542442363163e-06,0.0,0,10,9.583369653398677e-09
2335,latent512_k4_ablate_z290,1,z290,2.7460592377792636e-07,0.0,0,10,1.3604160464808501e-08
2225,latent512_k4_ablate_z290,1,z290,2.0634661268559285e-07,0.0,0,10,1.5401681707771786e-08
3044,latent512_k4_ablate_z290,1,z290,9.220348147209734e-07,0.0,0,10,1.0861706201126253e-08
1039,latent512_k4_ablate_z290,1,z290,1.0812102573254379e-06,0.0,0,10,1.0722605026103338e-07
1956,latent512_k4_ablate_z290,1,z290,1.7404902337148087e-06,0.0,0,10,6.789532136508569e-08
2153,latent512_k4_ablate_z290,1,z290,1.9720668831268995e-07,0.0,0,10,7.420368319799309e-09
3328,latent512_k4_ablate_z290,1,z290,7.148264558054507e-07,0.0,0,10,6.563541266046968e-09
2396,latent512_k4_ablate_z290,1,z290,1.7749769654074044e-07,0.0,0,10,5.5512607843866135e-09
1595,latent512_k4_ablate_z290,1,z290,1.6193746432691114e-06,0.0,0,10,6.952078734911993e-08
2297,latent512_k4_ablate_z290,1,z290,1.781142628942689e-07,0.0,0,10,1.1159519530679063e-08
2344,latent512_k4_ablate_z290,1,z290,2.669309537850495e-07,0.0,0,10,9.927128452602574e-09
2642,latent512_k4_ablate_z290,1,z290,2.1230587776699394e-07,0.0,0,10,1.2118432479724106e-08
3557,latent512_k4_ablate_z290,1,z290,2.7793035428658186e-07,0.0,0,10,1.4698483319364186e-08
3358,latent512_k4_ablate_z290,1,z290,4.156458146553632e-07,0.0,0,10,4.007306486641937e-09
4462,latent512_k4_ablate_z290,1,z290,4.019265907118097e-05,0.0,0,10,1.2307374163356144e-05
3139,latent512_k4_ablate_z290,1,z290,3.5918665730605426e-07,0.0,0,10,1.6587756945796173e-08
2622,latent512_k4_ablate_z290,1,z290,2.8013340624966077e-07,0.0,0,10,1.3457617242806919e-08
2754,latent512_k4_ablate_z290,1,z290,7.251737343949571e-08,0.0,0,10,1.5256931273910368e-09
494,latent512_k4_ablate_z290,1,z290,3.6466590813688526e-07,0.0,0,10,8.600361312005589e-09
399,latent512_k4_ablate_z290,1,z290,9.72954012468108e-07,0.0,0,10,2.6940381037121597e-09
4660,latent512_k4_ablate_z290,1,z290,2.9107584850862622e-05,0.0,0,10,4.118447122891666e-06
1732,latent512_k4_ablate_z290,1,z290,1.0248808166579693e-06,0.0,0,10,3.6844841844185794e-08
3921,latent512_k4_ablate_z290,1,z290,8.534731250620098e-07,0.0,0,10,2.1738703281926064e-08
1556,latent512_k4_ablate_z290,1,z290,1.0561377621343127e-06,0.0,0,10,1.8380509558824087e-08
3961,latent512_k4_ablate_z290,1,z290,8.428499427282077e-07,0.0,0,10,1.0426195018453654e-07
3757,latent512_k4_ablate_z290,1,z290,5.428180429589702e-07,0.0,0,10,2.207376148533058e-08
124,latent512_k4_ablate_z290,1,z290,3.4102316703865654e-07,0.0,0,10,1.1423971102431096e-08
4075,latent512_k4_ablate_z290,1,z290,8.122570761770476e-06,0.0,0,10,1.6063395378296264e-06
3375,latent512_k4_ablate_z290,1,z290,7.551143426098861e-07,0.0,0,10,1.9138740370294727e-08
